epoch,step_in_epoch,global_step,samples_seen,interval_steps,interval_samples,loss_mean,loss_last,accuracy,lr_used,lr_next,last_crop_length,gradient_norm_last,elapsed_seconds,batches_length_2048,batches_length_4096,batches_length_8192,batches_length_16384,batches_length_32768
1,10,10,1600,10,1600,1.916890025138855,1.6575210094451904,0.29625,0.0005112500000000004,0.0005125000000000002,32768,1.4786009788513184,33.00209311104845,3,1,1,2,3
1,20,20,3200,10,1600,1.5146937131881715,1.4501770734786987,0.365625,0.0005237499999999997,0.0005250000000000004,16384,2.9088988304138184,34.56996939599048,2,0,1,5,2
1,30,30,4800,10,1600,1.2965819358825683,1.2007339000701904,0.428125,0.0005362499999999999,0.0005374999999999997,4096,3.9453022480010986,36.19539433706086,1,2,1,3,3
1,40,40,6400,10,1600,1.1206321239471435,0.8511028289794922,0.470625,0.0005487500000000001,0.0005499999999999998,16384,1.3509080410003662,37.56638843007386,2,1,2,3,2
1,50,50,8000,10,1600,1.05425483584404,1.2344706058502197,0.466875,0.0005612500000000002,0.0005625000000000001,2048,6.328793048858643,38.957634446094744,1,2,2,3,2
1,60,60,9600,10,1600,1.150701141357422,1.138327956199646,0.464375,0.0005737500000000005,0.0005750000000000002,32768,14.234787940979004,40.399142173002474,3,1,2,1,3
1,70,70,11200,10,1600,1.0669493794441223,0.9487035870552063,0.48375,0.0005862499999999997,0.0005875000000000003,16384,1.098563313484192,41.42964292608667,1,2,3,4,0
1,80,80,12800,10,1600,0.9822921812534332,0.9241225123405457,0.509375,0.0005987499999999999,0.0005999999999999996,16384,3.314365863800049,42.56464886001777,2,1,3,3,1
1,90,90,14400,10,1600,0.9364211559295654,0.923056960105896,0.50875,0.00061125,0.0006124999999999999,32768,5.295670509338379,44.13544535206165,0,3,2,2,3
1,100,100,16000,10,1600,1.013584518432617,1.2890523672103882,0.475625,0.0006237500000000003,0.000625,2048,3.1269993782043457,44.9672402900178,2,3,2,3,0
1,110,110,17600,10,1600,0.9971851408481598,1.1014654636383057,0.504375,0.0006362500000000004,0.0006375000000000002,4096,2.685375452041626,46.630485936068,2,2,1,1,4
1,120,120,19200,10,1600,1.0140856146812438,0.9296895861625671,0.479375,0.0006487499999999997,0.0006500000000000004,32768,1.5932824611663818,47.92955129907932,3,2,2,0,3
1,130,130,20800,10,1600,1.0070464670658112,0.9935722351074219,0.48375,0.0006612499999999999,0.0006624999999999997,4096,2.8401243686676025,48.879185622092336,2,4,1,2,1
1,140,140,22400,10,1600,0.9923898160457612,0.9261153936386108,0.496875,0.0006737500000000001,0.0006749999999999998,16384,2.5264463424682617,50.05253478104714,3,1,1,4,1
1,150,150,24000,10,1600,0.9896076023578644,0.880986213684082,0.49875,0.0006862500000000002,0.0006875,32768,2.7419655323028564,50.831847904017195,3,3,3,0,1
1,160,160,25600,10,1600,0.9039119839668274,0.9637582898139954,0.526875,0.0006987500000000005,0.0007000000000000002,16384,4.54025411605835,52.26352050504647,1,1,3,3,2
1,170,170,27200,10,1600,0.9323291957378388,0.885088324546814,0.510625,0.0007112499999999998,0.0007125000000000004,32768,1.7986503839492798,53.61363425303716,1,3,1,3,2
1,180,180,28800,10,1600,0.9454786241054535,1.0834096670150757,0.513125,0.0007237499999999999,0.0007249999999999996,2048,2.5918827056884766,54.70240608009044,3,1,4,0,2
1,190,190,30400,10,1600,0.9100140571594239,0.8627681732177734,0.518125,0.0007362500000000001,0.0007374999999999999,16384,2.047145128250122,56.25079210009426,1,0,3,4,2
1,200,200,32000,10,1600,0.9768839299678802,1.0565478801727295,0.4875,0.0007487500000000003,0.00075,2048,2.76615047454834,56.940134611097164,3,1,5,1,0
1,210,210,33600,10,1600,1.0270268797874451,0.9043560028076172,0.48875,0.0007612500000000004,0.0007625000000000002,32768,1.5413497686386108,57.89476512908004,5,2,1,0,2
1,220,220,35200,10,1600,0.9059669375419617,0.8792908787727356,0.521875,0.0007737499999999997,0.0007750000000000003,16384,2.1727285385131836,59.0873120900942,1,1,4,3,1
1,230,230,36800,10,1600,0.9555712342262268,1.193433403968811,0.5225,0.0007862499999999998,0.0007874999999999997,2048,3.60133957862854,60.498167145997286,3,1,0,4,2
1,240,240,38400,10,1600,1.0373724341392516,1.1763728857040405,0.506875,0.0007987500000000001,0.0007999999999999998,2048,5.544981479644775,61.58282561204396,4,2,1,1,2
1,250,250,40000,10,1600,0.9359709262847901,0.9759977459907532,0.53125,0.0008112500000000003,0.0008125000000000001,2048,1.6127750873565674,62.72464613709599,2,3,2,1,2
1,260,260,41600,10,1600,0.9518941164016723,0.8139050602912903,0.534375,0.0008237500000000005,0.0008250000000000002,32768,1.4621012210845947,63.65894417499658,3,1,4,1,1
1,270,270,43200,10,1600,0.9569234788417816,0.8957121968269348,0.529375,0.0008362499999999998,0.0008375000000000004,4096,1.5140857696533203,64.72643408109434,2,3,1,3,1
1,280,280,44800,10,1600,0.8485604405403138,0.7358098030090332,0.5775,0.0008487499999999999,0.0008499999999999996,32768,1.595198392868042,66.32721031608526,0,2,1,5,2
1,290,290,46400,10,1600,0.9525005102157593,0.7643507719039917,0.551875,0.00086125,0.0008624999999999998,8192,2.246276378631592,67.23206259403378,2,3,3,1,1
1,300,300,48000,10,1600,0.8412930548191071,0.6938401460647583,0.59625,0.0008737500000000003,0.000875,32768,1.4039018154144287,68.75501877709758,1,3,1,2,3
1,310,310,49600,10,1600,0.7031315922737121,0.790919303894043,0.66125,0.0008862500000000004,0.0008875000000000003,8192,3.6986656188964844,70.28235248103738,0,0,3,6,1
1,320,320,51200,10,1600,0.8128985941410065,1.2434186935424805,0.634375,0.0008987499999999998,0.0009000000000000004,2048,5.303546905517578,72.07498944108374,2,1,1,2,4
1,330,330,52800,10,1600,0.6682923913002015,0.6228867769241333,0.670625,0.00091125,0.0009124999999999997,8192,2.360586404800415,73.50835993408691,1,1,3,3,2
1,340,340,54400,10,1600,0.8509091913700104,1.3352159261703491,0.6075,0.0009237500000000001,0.0009249999999999998,2048,5.556520462036133,74.4179751999909,2,3,3,1,1
1,350,350,56000,10,1600,0.8236727356910706,0.7810481190681458,0.639375,0.0009362500000000002,0.0009375,4096,1.7477054595947266,75.79862944199704,4,1,1,1,3
1,360,360,57600,10,1600,0.656448683142662,0.39595553278923035,0.698125,0.0009487500000000004,0.0009500000000000002,32768,2.830927610397339,77.32200649403967,1,3,1,2,3
1,370,370,59200,10,1600,0.6794968962669372,0.6108636856079102,0.689375,0.0009612499999999998,0.0009625000000000004,8192,2.685749053955078,78.63509607303422,2,1,3,2,2
1,380,380,60800,10,1600,0.8856112539768219,0.5765931010246277,0.608125,0.0009737499999999999,0.0009749999999999997,32768,3.9799582958221436,79.60534382902551,4,3,1,0,2
1,390,390,62400,10,1600,0.566322511434555,0.5918889045715332,0.7425,0.0009862500000000001,0.0009874999999999999,8192,1.3019936084747314,80.77615033602342,0,1,6,2,1
1,400,400,64000,10,1600,0.7870153814554215,0.8934572339057922,0.6625,0.0009987500000000003,0.001,4096,5.955800533294678,81.89210113300942,2,4,1,1,2
1,410,410,65600,10,1600,0.7704653590917587,0.4763713777065277,0.65375,0.0010112500000000004,0.0010125000000000002,8192,1.4535597562789917,82.9983917750651,3,1,4,0,2
1,420,420,67200,10,1600,0.5980103343725205,0.7089675068855286,0.715625,0.0010237499999999997,0.0010250000000000003,8192,3.1012773513793945,84.35577457305044,1,1,4,2,2
1,430,430,68800,10,1600,0.8703548818826675,1.1134600639343262,0.613125,0.0010362499999999998,0.0010374999999999998,2048,3.0279226303100586,85.33526529103983,4,3,1,0,2
1,440,440,70400,10,1600,0.649560171365738,0.48251572251319885,0.705625,0.0010487500000000002,0.0010499999999999997,16384,1.9742262363433838,86.70114859705791,1,3,1,3,2
1,450,450,72000,10,1600,0.5594040185213089,0.48954057693481445,0.74375,0.0010612500000000001,0.0010625,16384,1.1745661497116089,88.54054687905591,1,1,2,2,4
1,460,460,73600,10,1600,0.6276615411043167,0.450980007648468,0.7125,0.0010737500000000005,0.0010750000000000002,16384,1.0111132860183716,89.86098073702306,1,2,3,2,2
1,470,470,75200,10,1600,0.6616470754146576,0.5340343713760376,0.706875,0.0010862499999999998,0.0010875000000000004,16384,1.9861282110214233,90.91915995406453,2,1,2,5,0
1,480,480,76800,10,1600,0.6450242012739181,0.4419882297515869,0.689375,0.00109875,0.0010999999999999996,32768,1.1287822723388672,91.94833311601542,2,2,3,2,1
1,490,490,78400,10,1600,0.5863341182470322,0.4949423670768738,0.716875,0.00111125,0.0011124999999999998,8192,1.6586854457855225,93.59750861406792,1,2,3,0,4
1,500,500,80000,10,1600,0.5994392842054367,0.6683224439620972,0.7225,0.0011237500000000002,0.0011250000000000001,8192,5.447508811950684,95.36029396299273,1,1,3,1,4
2,10,510,81600,10,1600,0.5787882715463638,0.45869389176368713,0.72875,0.0011362500000000005,0.0011375,16384,1.3402645587921143,114.67251953203231,0,2,3,3,2
2,20,520,83200,10,1600,0.7763491332530975,1.0873587131500244,0.66375,0.0011487499999999996,0.0011500000000000004,2048,3.217245578765869,115.9819337510271,5,1,0,1,3
2,30,530,84800,10,1600,0.7665938884019852,0.9495644569396973,0.640625,0.00116125,0.0011624999999999997,2048,2.018894910812378,116.82165330799762,5,1,2,1,1
2,40,540,86400,10,1600,0.6208398222923279,1.137098789215088,0.720625,0.00117375,0.0011749999999999998,2048,4.927644729614258,118.15087725699414,1,4,2,0,3
2,50,550,88000,10,1600,0.6373903214931488,0.4454275667667389,0.70625,0.0011862500000000002,0.0011875,16384,2.3759098052978516,119.59306069707964,2,2,2,1,3
2,60,560,89600,10,1600,0.5474452614784241,0.482334703207016,0.74,0.0011987500000000006,0.0012000000000000001,8192,1.7385945320129395,120.83792302105576,1,2,4,1,2
2,70,570,91200,10,1600,0.5908314138650894,0.309980571269989,0.723125,0.0012112499999999997,0.0012125000000000005,32768,0.9561718106269836,122.11011661100201,2,2,2,2,2
2,80,580,92800,10,1600,0.6194606393575668,0.5505164861679077,0.7275,0.00122375,0.0012249999999999995,8192,1.054418921470642,123.4828889950877,3,0,2,3,2
2,90,590,94400,10,1600,0.6667066395282746,0.5210210680961609,0.69625,0.00123625,0.0012374999999999999,8192,1.2458696365356445,124.82032524503302,3,1,1,3,2
2,100,600,96000,10,1600,0.573377326130867,0.4112275540828705,0.721875,0.0012487500000000003,0.00125,32768,1.3684927225112915,126.50022434000857,1,1,2,3,3
2,110,610,97600,10,1600,0.6428194761276245,1.1607402563095093,0.714375,0.0012612500000000004,0.0012625000000000002,2048,3.40378737449646,127.9620491300011,3,0,3,1,3
2,120,620,99200,10,1600,0.6037583887577057,0.3788354694843292,0.716875,0.0012737499999999997,0.0012750000000000005,32768,0.566305935382843,129.27505749301054,2,1,3,2,2
2,130,630,100800,10,1600,0.7010530173778534,0.492645263671875,0.685625,0.00128625,0.0012874999999999996,8192,1.3570141792297363,130.02263597305864,3,2,3,2,0
2,140,640,102400,10,1600,0.6514720857143402,0.3949759900569916,0.709375,0.00129875,0.0013,16384,0.6529029011726379,130.96539513103198,3,1,4,1,1
2,150,650,104000,10,1600,0.525114506483078,1.0426509380340576,0.765,0.0013112500000000003,0.0013125,2048,4.965346813201904,132.16519864602014,1,1,4,3,1
2,160,660,105600,10,1600,0.7100905627012253,0.553860068321228,0.695,0.0013237500000000005,0.0013250000000000002,8192,1.4295759201049805,132.7628957630368,2,3,5,0,0
2,170,670,107200,10,1600,0.6410123258829117,0.5286968350410461,0.688125,0.0013362499999999998,0.0013375000000000004,8192,1.1359742879867554,133.66685620509088,3,2,3,1,1
2,180,680,108800,10,1600,0.5304296255111695,0.7263544797897339,0.75375,0.00134875,0.0013499999999999996,4096,2.7350738048553467,135.27334300708026,1,1,3,2,3
2,190,690,110400,10,1600,0.7765713036060333,0.5130265951156616,0.656875,0.00136125,0.0013625,8192,1.2577722072601318,136.10522412403952,3,4,1,1,1
2,200,700,112000,10,1600,0.6417743623256683,0.4771670401096344,0.7,0.0013737500000000004,0.001375,32768,0.8400196433067322,137.22135382099077,2,2,4,0,2
2,210,710,113600,10,1600,0.5752736032009125,0.43358784914016724,0.7175,0.0013862500000000003,0.0013875000000000003,16384,1.699633240699768,138.58421945408918,1,1,4,2,2
2,220,720,115200,10,1600,0.5891238391399384,0.9037626385688782,0.74625,0.0013987499999999998,0.0014000000000000004,2048,1.2630301713943481,140.00505647808313,3,1,2,1,3
2,230,730,116800,10,1600,0.5805706977844238,0.5336040258407593,0.721875,0.00141125,0.0014124999999999997,8192,1.0565389394760132,141.15604946098756,2,1,3,3,1
2,240,740,118400,10,1600,0.6546360701322556,0.9014852643013,0.685625,0.00142375,0.0014249999999999998,2048,1.9691013097763062,142.1991137380246,2,4,2,0,2
2,250,750,120000,10,1600,0.5311352491378785,0.45195698738098145,0.7275,0.0014362500000000002,0.0014375,16384,1.1033744812011719,143.63419512403198,1,1,1,6,1
2,260,760,121600,10,1600,0.5946917831897736,0.9923034906387329,0.73,0.0014487500000000004,0.0014500000000000003,2048,2.804640769958496,145.14910939102992,2,2,1,2,3
2,270,770,123200,10,1600,0.611704620718956,0.5013901591300964,0.708125,0.0014612499999999999,0.0014625000000000003,16384,1.1274992227554321,146.45685377100017,2,1,3,2,2
2,280,780,124800,10,1600,0.5820355474948883,0.36467015743255615,0.723125,0.0014737499999999998,0.0014749999999999997,32768,1.375977873802185,147.71350887499284,3,1,2,2,2
2,290,790,126400,10,1600,0.5923157781362534,0.4463706612586975,0.714375,0.0014862500000000002,0.0014874999999999999,16384,0.7717793583869934,149.15685260901228,1,3,2,1,3
2,300,800,128000,10,1600,0.5672200918197632,0.4526215195655823,0.7375,0.0014987500000000003,0.0015,16384,0.8830211162567139,150.82479836803395,2,2,1,1,4
2,310,810,129600,10,1600,0.5332903534173965,0.5200295448303223,0.749375,0.0015112500000000004,0.0015125000000000002,8192,0.9582433104515076,152.57280912005808,2,0,3,1,4
2,320,820,131200,10,1600,0.5851345747709275,0.6722255945205688,0.72375,0.0015237499999999997,0.0015250000000000003,4096,1.703680396080017,153.93170646298677,2,2,3,0,3
2,330,830,132800,10,1600,0.6422657400369645,0.4467521607875824,0.705,0.0015362499999999999,0.0015374999999999996,16384,0.9005683660507202,155.2757201140048,3,3,0,1,3
2,340,840,134400,10,1600,0.6126276284456253,0.706097424030304,0.71,0.00154875,0.00155,2048,1.3403958082199097,156.25037674605846,3,2,2,2,1
2,350,850,136000,10,1600,0.726783064007759,0.705246090888977,0.659375,0.0015612500000000004,0.0015625,4096,0.8646068572998047,157.26472059206571,5,1,2,0,2
2,360,860,137600,10,1600,0.6191545516252518,0.44411689043045044,0.705,0.0015737500000000005,0.0015750000000000002,16384,0.9707067608833313,158.48162177402992,3,2,1,2,2
2,370,870,139200,10,1600,0.6156356871128082,0.6347940564155579,0.715,0.0015862499999999998,0.0015875000000000004,4096,1.243620753288269,159.65526813501492,3,1,1,4,1
2,380,880,140800,10,1600,0.5814176261425018,0.969199538230896,0.7175,0.00159875,0.0015999999999999996,2048,1.7835718393325806,161.10919278603978,3,0,3,1,3
2,390,890,142400,10,1600,0.6037908732891083,0.8481437563896179,0.705,0.00161125,0.0016124999999999998,2048,1.4347319602966309,161.98274548805784,2,2,5,0,1
2,400,900,144000,10,1600,0.6520178228616714,0.7066450119018555,0.676875,0.0016237500000000002,0.0016250000000000001,4096,1.071764588356018,163.36072173400316,3,2,1,1,3
2,410,910,145600,10,1600,0.6428281784057617,0.43258246779441833,0.6975,0.0016362500000000006,0.0016375000000000003,8192,0.5382046103477478,164.1729169030441,4,1,4,0,1
2,420,920,147200,10,1600,0.5182011902332306,0.4318861961364746,0.740625,0.0016487499999999998,0.0016500000000000004,16384,0.8321101069450378,165.67694193508942,0,5,0,2,3
2,430,930,148800,10,1600,0.5688407331705093,0.5074723958969116,0.73125,0.00166125,0.0016624999999999997,16384,0.7466843128204346,166.97656875709072,3,0,3,2,2
2,440,940,150400,10,1600,0.5066237479448319,0.6917416453361511,0.763125,0.00167375,0.0016749999999999998,4096,1.1659390926361084,168.50840955402236,1,3,1,2,3
2,450,950,152000,10,1600,0.613703241944313,0.9642093777656555,0.725625,0.0016862500000000002,0.0016875,2048,2.0183258056640625,170.00549942208454,3,1,1,2,3
2,460,960,153600,10,1600,0.6259936451911926,0.9775158762931824,0.708125,0.0016987500000000004,0.0017000000000000001,2048,1.7914949655532837,171.3575692290906,3,3,0,1,3
2,470,970,155200,10,1600,0.5383604466915131,0.8128147125244141,0.720625,0.0017112499999999997,0.0017125000000000005,2048,1.482598900794983,172.96101052802987,2,2,2,0,4
2,480,980,156800,10,1600,0.5572254449129105,0.9819819331169128,0.743125,0.00172375,0.0017249999999999998,2048,1.5435429811477661,174.3125989669934,2,0,4,2,2
2,490,990,158400,10,1600,0.6293387889862061,0.2770591080188751,0.69625,0.0017362500000000002,0.0017375,32768,0.6093820929527283,175.48406629404053,4,0,3,1,2
2,500,1000,160000,10,1600,0.49769914150238037,0.3763352930545807,0.770625,0.0017487500000000003,0.00175,32768,0.9306672811508179,177.09510410006624,0,4,0,3,3
3,10,1010,161600,10,1600,0.6404999166727066,1.013075590133667,0.695,0.0017612500000000004,0.0017625000000000002,2048,2.3701999187469482,195.8691354590701,2,2,1,4,1
3,20,1020,163200,10,1600,0.5381905406713485,0.4451821744441986,0.74625,0.0017737499999999997,0.0017750000000000003,16384,0.8246458768844604,197.07433164305985,1,1,4,3,1
3,30,1030,164800,10,1600,0.5521206974983215,0.33394336700439453,0.73125,0.0017862499999999999,0.0017874999999999996,32768,0.6640380620956421,198.16680805699434,1,4,3,0,2
3,40,1040,166400,10,1600,0.594731917977333,0.476257860660553,0.71375,0.00179875,0.0018,32768,1.212119698524475,199.31595388008282,2,1,3,3,1
3,50,1050,168000,10,1600,0.40970470309257506,0.59371018409729,0.780625,0.0018112500000000004,0.0018125,4096,1.3753199577331543,201.44481724500656,0,1,0,5,4
3,60,1060,169600,10,1600,0.705210080742836,0.8439903259277344,0.680625,0.0018237500000000005,0.0018250000000000002,2048,0.8692489266395569,202.3000651950715,4,2,2,1,1
3,70,1070,171200,10,1600,0.5140487670898437,0.4119695723056793,0.749375,0.0018362499999999998,0.0018375000000000004,16384,0.8053630590438843,203.41995013109408,1,1,3,5,0
3,80,1080,172800,10,1600,0.44950283467769625,0.36974263191223145,0.769375,0.00184875,0.0018499999999999996,32768,1.6385071277618408,205.64443591900636,0,3,0,1,6
3,90,1090,174400,10,1600,0.5408199310302735,0.35748291015625,0.755625,0.00186125,0.0018624999999999998,16384,0.31622612476348877,207.16199090203736,1,1,2,4,2
3,100,1100,176000,10,1600,0.5606425940990448,0.4950205683708191,0.728125,0.0018737500000000002,0.001875,8192,1.0620936155319214,208.83383655408397,2,2,1,1,4
3,110,1110,177600,10,1600,0.4539417177438736,0.3738272786140442,0.780625,0.0018862500000000006,0.0018875000000000003,8192,0.656948983669281,210.47467364708427,1,0,4,2,3
3,120,1120,179200,10,1600,0.5681486040353775,1.0588374137878418,0.729375,0.0018987499999999998,0.0019000000000000004,2048,1.8804640769958496,211.99080197699368,2,2,1,2,3
3,130,1130,180800,10,1600,0.6386649072170257,0.33174341917037964,0.70375,0.00191125,0.0019124999999999997,32768,0.6908254623413086,213.1359054830391,3,2,2,1,2
3,140,1140,182400,10,1600,0.6657505422830582,0.8146135210990906,0.67,0.0019237500000000001,0.0019249999999999998,2048,1.236663579940796,213.7717151050456,5,2,1,2,0
3,150,1150,184000,10,1600,0.5342985600233078,0.3827865719795227,0.7525,0.0019362500000000003,0.0019375,16384,0.7244817614555359,215.6955012070248,1,1,1,3,4
3,160,1160,185600,10,1600,0.5675802737474441,1.055763602256775,0.734375,0.0019487500000000004,0.0019500000000000001,2048,1.7083091735839844,217.37268254498485,2,2,1,1,4
3,170,1170,187200,10,1600,0.49253955483436584,0.4412413537502289,0.7525,0.0019612499999999995,0.0019625000000000007,8192,0.7876400947570801,219.13760150701273,1,1,3,1,4
3,180,1180,188800,10,1600,0.5885047972202301,0.7008532285690308,0.723125,0.00197375,0.0019749999999999998,4096,1.1535536050796509,220.22614094498567,1,4,1,3,1
3,190,1190,190400,10,1600,0.5602426558732987,0.8481429815292358,0.74125,0.00198625,0.0019874999999999997,2048,1.584167718887329,221.08005596103612,3,1,3,3,0
3,200,1200,192000,10,1600,0.5439551860094071,1.0508190393447876,0.745625,0.0019987500000000005,0.002,2048,1.639216423034668,222.98039996006992,3,1,0,1,5
3,210,1210,193600,10,1600,0.5658565759658813,0.6626685857772827,0.73625,0.0020112500000000005,0.0020125000000000004,4096,0.7934501767158508,224.11601619108114,1,5,1,1,2
3,220,1220,195200,10,1600,0.5779715240001678,0.38028937578201294,0.721875,0.0020237499999999995,0.0020250000000000003,32768,0.7365863919258118,225.22370420908555,2,2,2,3,1
3,230,1230,196800,10,1600,0.513149356842041,0.506361722946167,0.74625,0.00203625,0.0020374999999999994,8192,0.8400343060493469,226.63508285104763,1,2,4,0,3
3,240,1240,198400,10,1600,0.5479241579771041,0.4524448812007904,0.729375,0.0020487500000000002,0.0020499999999999997,8192,0.7931126952171326,227.55547853501048,2,3,3,1,1
3,250,1250,200000,10,1600,0.5560966432094574,0.8814711570739746,0.745,0.0020612500000000006,0.0020625,2048,2.263723373413086,229.28326048108283,1,2,2,1,4
3,260,1260,201600,10,1600,0.6006878912448883,0.7872618436813354,0.718125,0.0020737500000000005,0.0020750000000000005,2048,0.7935606837272644,230.70314079907257,3,1,2,1,3
3,270,1270,203200,10,1600,0.49818043410778046,0.6214860677719116,0.76,0.0020862499999999996,0.0020875000000000004,4096,0.7757375240325928,232.28010393108707,0,3,2,2,3
3,280,1280,204800,10,1600,0.5521196871995926,0.3944159150123596,0.736875,0.00209875,0.0020999999999999994,32768,0.49918055534362793,233.3169643880101,2,4,2,0,2
3,290,1290,206400,10,1600,0.6130960077047348,0.8883937001228333,0.70375,0.0021112500000000003,0.0021125,2048,1.6108777523040771,234.26549145008903,3,3,1,2,1
3,300,1300,208000,10,1600,0.4839643508195877,0.4939013421535492,0.7525,0.00212375,0.002125,32768,1.472778558731079,235.74475017399527,1,2,1,4,2
3,310,1310,209600,10,1600,0.654613521695137,0.48811760544776917,0.675,0.0021362500000000006,0.0021375000000000005,4096,0.866427481174469,236.4829093760345,4,3,2,0,1
3,320,1320,211200,10,1600,0.5601374506950378,0.5746171474456787,0.723125,0.0021487499999999996,0.0021500000000000004,4096,0.9141027927398682,237.66833267500624,2,2,1,4,1
3,330,1330,212800,10,1600,0.4963992089033127,0.46232208609580994,0.751875,0.00216125,0.0021624999999999995,32768,0.7901751399040222,239.2676979280077,1,1,3,2,3
3,340,1340,214400,10,1600,0.6510596305131913,0.688658595085144,0.700625,0.0021737500000000003,0.002175,4096,0.8976877331733704,240.3956913020229,4,1,0,4,1
3,350,1350,216000,10,1600,0.5339618474245071,0.3746562898159027,0.74375,0.0021862500000000003,0.0021875,32768,0.8539843559265137,242.17658895102795,3,0,1,2,4
3,360,1360,217600,10,1600,0.47135884761810304,0.46874579787254333,0.76875,0.00219875,0.0022,16384,0.5033261179924011,243.87191601400264,0,2,2,3,3
3,370,1370,219200,10,1600,0.4516738533973694,0.411325067281723,0.765625,0.0022112499999999997,0.0022125000000000005,16384,0.6891712546348572,245.15599988400936,0,0,4,6,0
3,380,1380,220800,10,1600,0.6172841787338257,0.8831645250320435,0.71,0.00222375,0.0022249999999999995,2048,1.1337876319885254,245.98347577708773,3,4,1,1,1
3,390,1390,222400,10,1600,0.6204603791236878,0.9309409856796265,0.693125,0.0022362500000000004,0.0022375,2048,1.0770986080169678,247.0202465240145,5,0,1,3,1
3,400,1400,224000,10,1600,0.5595459282398224,0.7915213108062744,0.73875,0.0022487500000000003,0.0022500000000000003,2048,0.8561222553253174,248.2416607820196,3,2,1,2,2
3,410,1410,225600,10,1600,0.6086684107780457,0.6505916714668274,0.706875,0.0022612500000000002,0.0022625,4096,0.7346067428588867,249.22916681307834,3,2,2,2,1
3,420,1420,227200,10,1600,0.4511485815048218,0.408558189868927,0.778125,0.0022737499999999997,0.002275,16384,0.5562362670898438,250.75993863807525,0,2,2,4,2
3,430,1430,228800,10,1600,0.6524460732936859,0.7693608999252319,0.695,0.00228625,0.0022874999999999996,2048,0.9822478294372559,252.07407599198632,5,1,0,1,3
3,440,1440,230400,10,1600,0.5325353175401688,0.36090368032455444,0.753125,0.00229875,0.0023,16384,0.6265246868133545,253.22813828103244,1,2,3,3,1
3,450,1450,232000,10,1600,0.412027308344841,0.37468674778938293,0.801875,0.0023112500000000004,0.0023125000000000003,16384,0.7656000852584839,255.1092415379826,0,1,1,5,3
3,460,1460,233600,10,1600,0.46844368875026704,0.5566350221633911,0.775625,0.0023237500000000003,0.0023250000000000002,4096,0.9267700910568237,256.93506408203393,0,3,1,2,4
3,470,1470,235200,10,1600,0.5802897930145263,0.4021397531032562,0.724375,0.00233625,0.0023375,32768,0.5060381293296814,258.18258180003613,2,5,0,0,3
3,480,1480,236800,10,1600,0.5486919909715653,0.41007575392723083,0.745,0.00234875,0.0023499999999999997,8192,0.8668603897094727,259.44828650006093,3,1,2,2,2
3,490,1490,238400,10,1600,0.5103647470474243,0.3842404782772064,0.750625,0.00236125,0.0023625,16384,1.0531399250030518,260.9222991450224,2,1,1,4,2
3,500,1500,240000,10,1600,0.6053433209657669,0.7184301018714905,0.71375,0.00237375,0.002375,2048,0.6943622827529907,261.945705072023,3,3,2,0,2
4,10,1510,241600,10,1600,0.6783960312604904,0.5367236733436584,0.68625,0.0023862500000000003,0.0023875000000000003,4096,0.8526792526245117,280.49022477900144,5,2,0,1,2
4,20,1520,243200,10,1600,0.5130914986133576,0.4983904957771301,0.756875,0.00239875,0.0024000000000000002,16384,1.1623610258102417,282.32488528301474,1,1,2,2,4
4,30,1530,244800,10,1600,0.6301834672689438,0.5513864159584045,0.706875,0.00241125,0.0024124999999999997,4096,1.070485234260559,283.11449876904953,3,3,3,0,1
4,40,1540,246400,10,1600,0.600901648402214,0.8118495941162109,0.718125,0.00242375,0.002425,2048,0.7952494025230408,284.24660376203246,4,1,2,1,2
4,50,1550,248000,10,1600,0.5729900091886521,0.9033540487289429,0.71625,0.00243625,0.0024375,2048,0.9383721351623535,285.8256808280712,3,1,0,3,3
4,60,1560,249600,10,1600,0.46676072776317595,0.4360252320766449,0.7675,0.0024487500000000004,0.00245,8192,0.7156771421432495,287.0370149080409,0,2,4,3,1
4,70,1570,251200,10,1600,0.5261712342500686,0.3895946741104126,0.744375,0.00246125,0.0024625000000000003,16384,0.7511509656906128,288.4656893220963,3,1,2,1,3
4,80,1580,252800,10,1600,0.5532049119472504,0.3292248249053955,0.728125,0.00247375,0.0024749999999999998,16384,0.40574929118156433,289.2571961550275,2,2,4,2,0
4,90,1590,254400,10,1600,0.5304069072008133,0.4056771695613861,0.749375,0.00248625,0.0024874999999999997,32768,0.56302410364151,290.48134622198995,2,1,2,4,1
4,100,1600,256000,10,1600,0.5030192404985427,0.4526442587375641,0.775,0.00249875,0.0025,8192,0.6221479773521423,292.07187528698705,2,0,3,2,3
4,110,1610,257600,10,1600,0.5055701583623886,0.3725723624229431,0.75,0.0024887499999999996,0.0024874999999999997,16384,0.6204206943511963,293.71085351507645,1,2,1,3,3
4,120,1620,259200,10,1600,0.5628999680280685,0.7741826772689819,0.730625,0.00247625,0.0024749999999999998,2048,0.8276570439338684,295.1774524979992,3,0,3,1,3
4,130,1630,260800,10,1600,0.486240941286087,0.4581111967563629,0.756875,0.0024637500000000002,0.0024625000000000003,8192,0.7840724587440491,296.504707411048,1,2,3,2,2
4,140,1640,262400,10,1600,0.5232407033443451,0.5563992261886597,0.735625,0.0024512500000000003,0.00245,4096,0.8712792992591858,297.7891440790845,1,3,2,2,2
4,150,1650,264000,10,1600,0.5399476617574692,0.531170129776001,0.734375,0.002438750000000001,0.0024375,8192,0.7588834166526794,298.948392744991,1,2,3,3,1
4,160,1660,265600,10,1600,0.4762759476900101,0.3931190073490143,0.756875,0.0024262499999999996,0.002425,16384,0.5523499846458435,300.93368706002366,2,0,0,4,4
4,170,1670,267200,10,1600,0.5079414129257203,0.37562376260757446,0.75125,0.00241375,0.0024124999999999997,16384,1.2422642707824707,302.2147837780649,1,1,3,4,1
4,180,1680,268800,10,1600,0.4844810426235199,0.38433247804641724,0.76,0.00240125,0.0024000000000000002,8192,0.6080253720283508,303.37678724806756,1,2,3,3,1
4,190,1690,270400,10,1600,0.47135000228881835,0.8276559114456177,0.778125,0.0023887500000000002,0.0023875000000000003,2048,1.3457366228103638,305.10288261203095,1,2,2,1,4
4,200,1700,272000,10,1600,0.5749863892793655,0.3811716139316559,0.720625,0.0023762500000000008,0.002375,32768,0.2819972038269043,306.21278230904136,4,1,0,4,1
4,210,1710,273600,10,1600,0.5776820957660675,0.3499365448951721,0.72625,0.0023637499999999995,0.0023625,32768,0.5021528005599976,307.359212600044,4,2,0,2,2
4,220,1720,275200,10,1600,0.4816418707370758,0.3894065320491791,0.765,0.00235125,0.0023499999999999997,16384,1.239591121673584,308.8828246240737,2,1,0,5,2
4,230,1730,276800,10,1600,0.5578486353158951,0.5423009395599365,0.721875,0.00233875,0.0023375,4096,0.6056396961212158,309.7672341540456,3,2,3,1,1
4,240,1740,278400,10,1600,0.638087785243988,0.46789559721946716,0.71,0.00232625,0.0023250000000000002,8192,0.8341144323348999,310.5281849690946,4,2,3,0,1
4,250,1750,280000,10,1600,0.49259533584117887,0.32861950993537903,0.759375,0.0023137500000000007,0.0023125000000000003,32768,0.8660831451416016,312.22833786101546,2,1,2,1,4
4,260,1760,281600,10,1600,0.5339869976043701,0.33951130509376526,0.7375,0.0023012499999999995,0.0023,32768,0.7989083528518677,313.36982340400573,2,1,3,3,1
4,270,1770,283200,10,1600,0.5049907267093658,0.42781051993370056,0.760625,0.0022887500000000004,0.0022874999999999996,8192,0.8314172625541687,314.40891766606364,1,3,3,2,1
4,280,1780,284800,10,1600,0.4867289483547211,0.3354337811470032,0.760625,0.00227625,0.002275,16384,0.49060627818107605,316.16404072300065,1,3,0,2,4
4,290,1790,286400,10,1600,0.5297357112169265,0.390471875667572,0.745625,0.00226375,0.0022625,32768,0.6893985867500305,317.1045884190826,2,4,1,2,1
4,300,1800,288000,10,1600,0.5523545265197753,0.4260942041873932,0.735625,0.0022512500000000006,0.0022500000000000003,8192,0.8943864703178406,318.0615540550789,3,0,5,1,1
4,310,1810,289600,10,1600,0.4345681369304657,0.3999632000923157,0.775,0.0022387499999999994,0.0022375,32768,0.6378392577171326,319.6132280820748,0,1,3,4,2
4,320,1820,291200,10,1600,0.5609159499406815,0.5487475395202637,0.728125,0.0022262500000000004,0.0022249999999999995,4096,0.9522770643234253,320.78469072503503,2,2,3,1,2
4,330,1830,292800,10,1600,0.5346234679222107,0.3754304051399231,0.72625,0.0022137500000000004,0.0022125000000000005,16384,0.47695237398147583,322.1636896170676,2,3,1,1,3
4,340,1840,294400,10,1600,0.4965259343385696,0.610763669013977,0.761875,0.00220125,0.0022,4096,1.2066946029663086,323.5027167160297,1,1,4,2,2
4,350,1850,296000,10,1600,0.5498064398765564,0.7696461081504822,0.7325,0.0021887500000000006,0.0021875,2048,0.7925824522972107,324.86598928202875,3,2,1,1,3
4,360,1860,297600,10,1600,0.4967062443494797,0.4210764765739441,0.7725,0.0021762499999999994,0.002175,32768,0.9976178407669067,326.35589116299525,2,0,4,1,3
4,370,1870,299200,10,1600,0.5546984493732452,0.4640759527683258,0.74125,0.0021637500000000003,0.0021624999999999995,8192,1.338667631149292,327.21812202606816,2,4,2,1,1
4,380,1880,300800,10,1600,0.4569720447063446,0.43232983350753784,0.754375,0.0021512500000000004,0.0021500000000000004,8192,0.800449788570404,328.3366904120194,0,2,5,2,1
4,390,1890,302400,10,1600,0.49652235507965087,0.4070879817008972,0.7625,0.00213875,0.0021375000000000005,32768,0.870065450668335,329.85211016703397,1,1,2,4,2
4,400,1900,304000,10,1600,0.42611596882343294,0.3685757517814636,0.795625,0.0021262500000000005,0.002125,16384,0.7161800861358643,330.97847485903185,0,2,3,5,0
4,410,1910,305600,10,1600,0.45064703822135926,0.3440765142440796,0.764375,0.0021137499999999993,0.0021125,16384,0.949440598487854,332.38781303109135,0,3,2,3,2
4,420,1920,307200,10,1600,0.4811023652553558,0.36643844842910767,0.761875,0.0021012500000000003,0.0020999999999999994,32768,0.9933797717094421,333.6401556930505,0,3,4,1,2
4,430,1930,308800,10,1600,0.44602916240692136,0.5660236477851868,0.769375,0.0020887500000000003,0.0020875000000000004,4096,1.058064341545105,335.04185194300953,0,3,0,6,1
4,440,1940,310400,10,1600,0.5204749703407288,0.8971270322799683,0.743125,0.00207625,0.0020750000000000005,2048,1.1652253866195679,336.0695693769958,2,2,3,2,1
4,450,1950,312000,10,1600,0.5404221981763839,0.5795137286186218,0.75125,0.0020637500000000005,0.0020625,4096,0.6791775822639465,337.28994910698384,3,2,1,2,2
4,460,1960,313600,10,1600,0.41138264536857605,0.3194296360015869,0.789375,0.0020512499999999997,0.0020499999999999997,32768,0.33820438385009766,339.04564392601606,0,2,1,4,3
4,470,1970,315200,10,1600,0.48051713705062865,0.47474294900894165,0.756875,0.0020387500000000006,0.0020374999999999994,8192,0.5825008153915405,340.828330383054,2,1,1,2,4
4,480,1980,316800,10,1600,0.41030722856521606,0.4181254506111145,0.794375,0.0020262500000000003,0.0020250000000000003,8192,0.4054536819458008,342.5447612060234,0,1,3,3,3
4,490,1990,318400,10,1600,0.4238440960645676,0.3448554575443268,0.778125,0.00201375,0.0020125000000000004,32768,0.6681109666824341,344.81226653105114,1,0,2,1,6
4,500,2000,320000,10,1600,0.6024951785802841,0.46693915128707886,0.704375,0.0020012500000000004,0.002,4096,0.5062906742095947,345.64006064704154,4,2,2,1,1
5,10,2010,321600,10,1600,0.6172901302576065,0.3005432188510895,0.718125,0.0019887499999999996,0.0019874999999999997,32768,0.4523976445198059,364.13353779306635,5,2,1,1,1
5,20,2020,323200,10,1600,0.48711361885070803,0.386023610830307,0.7675,0.0019762500000000006,0.0019749999999999998,16384,0.7918336391448975,365.2701989830239,2,1,3,3,1
5,30,2030,324800,10,1600,0.57640061378479,0.3592590391635895,0.71125,0.0019637500000000002,0.0019625000000000007,16384,0.6519557237625122,366.4754343550885,4,1,1,2,2
5,40,2040,326400,10,1600,0.5765524595975876,0.4017294943332672,0.71,0.00195125,0.0019500000000000001,16384,0.9670857787132263,367.44090923306067,4,1,2,2,1
5,50,2050,328000,10,1600,0.5301138788461686,0.39445167779922485,0.734375,0.0019387500000000006,0.0019375,16384,0.42156630754470825,368.86827509698924,2,2,0,4,2
5,60,2060,329600,10,1600,0.5337478369474411,0.5146943926811218,0.73,0.0019262499999999996,0.0019249999999999998,4096,0.7580358982086182,370.16427965904586,3,2,0,3,2
5,70,2070,331200,10,1600,0.5398652255535126,0.7852888703346252,0.731875,0.0019137500000000003,0.0019124999999999997,2048,1.110291600227356,371.3966780900955,2,3,1,2,2
5,80,2080,332800,10,1600,0.620798897743225,0.8066479563713074,0.711875,0.0019012500000000002,0.0019000000000000004,2048,0.7389276623725891,372.2375492870342,5,1,2,1,1
5,90,2090,334400,10,1600,0.4894780397415161,0.4610512852668762,0.761875,0.00188875,0.0018875000000000003,8192,0.6697096824645996,373.6721711240243,2,2,2,1,3
5,100,2100,336000,10,1600,0.5449298292398452,0.5051681995391846,0.741875,0.0018762500000000007,0.001875,8192,0.8506492972373962,374.58418220607564,2,3,3,1,1
5,110,2110,337600,10,1600,0.5192617446184158,0.3703942894935608,0.758125,0.0018637499999999995,0.0018624999999999998,8192,0.9702736139297485,375.257935235044,2,3,4,1,0
5,120,2120,339200,10,1600,0.629248321056366,0.44044479727745056,0.695,0.0018512500000000002,0.0018499999999999996,8192,0.4149453341960907,375.84847596206237,3,4,2,1,0
5,130,2130,340800,10,1600,0.41675628125667574,0.31462520360946655,0.784375,0.00183875,0.0018375000000000004,32768,0.31698960065841675,377.8152966060443,0,1,2,3,4
5,140,2140,342400,10,1600,0.5068180412054062,0.3842599391937256,0.758125,0.00182625,0.0018250000000000002,32768,0.7887825965881348,379.2762934489874,3,0,3,1,3
5,150,2150,344000,10,1600,0.46612018048763276,0.40877899527549744,0.776875,0.0018137500000000007,0.0018125,16384,0.793494462966919,380.9006112590432,2,1,1,3,3
5,160,2160,345600,10,1600,0.552199199795723,0.8117220997810364,0.72875,0.0018012499999999997,0.0018,2048,0.9385600686073303,382.15182031609584,4,0,2,2,2
5,170,2170,347200,10,1600,0.5043875008821488,0.39030709862709045,0.748125,0.0017887500000000004,0.0017874999999999996,16384,0.5395541191101074,383.1111185250338,1,3,4,1,1
5,180,2180,348800,10,1600,0.5154172629117966,0.2682305872440338,0.74875,0.00177625,0.0017750000000000003,32768,0.3279379904270172,384.3299068410415,3,0,4,1,2
5,190,2190,350400,10,1600,0.6390557199716568,0.7752112150192261,0.7075,0.00176375,0.0017625000000000002,2048,1.0343631505966187,385.35577115102205,6,1,0,1,2
5,200,2200,352000,10,1600,0.43080476820468905,0.3140341341495514,0.776875,0.0017512500000000006,0.00175,32768,0.8843958973884583,387.0948378680041,0,3,2,1,4
5,210,2210,353600,10,1600,0.5054184794425964,0.7709463834762573,0.75375,0.0017387499999999996,0.0017375,2048,0.9534037113189697,388.4963754360797,2,3,1,1,3
5,220,2220,355200,10,1600,0.5143891006708146,0.8350276947021484,0.74625,0.0017262500000000004,0.0017249999999999998,2048,0.8319910764694214,390.0673362200614,3,1,0,3,3
5,230,2230,356800,10,1600,0.4593033045530319,0.28087329864501953,0.78,0.0017137500000000002,0.0017125000000000005,16384,0.48820358514785767,391.70998122903984,1,2,1,3,3
5,240,2240,358400,10,1600,0.48431535065174103,0.5328770875930786,0.75375,0.00170125,0.0017000000000000001,4096,0.8063403367996216,392.95845352404285,1,4,1,2,2
5,250,2250,360000,10,1600,0.5051113724708557,0.7023488879203796,0.744375,0.0016887500000000006,0.0016875,2048,0.9211111664772034,394.10397472407203,3,2,2,1,2
5,260,2260,361600,10,1600,0.44344983994960785,0.4106203019618988,0.775625,0.0016762499999999996,0.0016749999999999998,32768,1.0427407026290894,395.90633342100773,1,2,1,2,4
5,270,2270,363200,10,1600,0.5102266550064087,0.7143594026565552,0.738125,0.0016637500000000003,0.0016624999999999997,2048,0.761020302772522,396.59413752902765,1,4,4,1,0
5,280,2280,364800,10,1600,0.41282972395420076,0.36726832389831543,0.793125,0.0016512500000000002,0.0016500000000000004,8192,0.5178962349891663,398.4532672460191,0,2,2,2,4
5,290,2290,366400,10,1600,0.5137428671121598,0.7308176755905151,0.74,0.00163875,0.0016375000000000003,2048,0.8007484674453735,399.90599398408085,3,0,1,4,2
5,300,2300,368000,10,1600,0.4616240531206131,0.39665213227272034,0.761875,0.0016262500000000007,0.0016250000000000001,16384,0.9479333758354187,401.07101114303805,1,2,3,3,1
5,310,2310,369600,10,1600,0.5205530434846878,0.33145076036453247,0.740625,0.0016137499999999995,0.0016124999999999998,16384,0.5005305409431458,402.3184879560722,1,4,1,2,2
5,320,2320,371200,10,1600,0.5181377977132797,0.43225884437561035,0.74,0.0016012500000000002,0.0015999999999999996,8192,0.6314537525177002,403.2980981920846,3,2,2,2,1
5,330,2330,372800,10,1600,0.5533883243799209,0.6649771332740784,0.733125,0.00158875,0.0015875000000000004,4096,0.8067294955253601,404.1808600589866,2,4,2,1,1
5,340,2340,374400,10,1600,0.5486979961395264,0.4481617510318756,0.735625,0.00157625,0.0015750000000000002,8192,0.6906413435935974,405.0478009370854,3,3,2,1,1
5,350,2350,376000,10,1600,0.5423987150192261,0.43588075041770935,0.73375,0.0015637500000000007,0.0015625,16384,0.4486834406852722,405.80477557203267,4,0,4,2,0
5,360,2360,377600,10,1600,0.5347520649433136,0.6385270357131958,0.73125,0.0015512499999999997,0.00155,4096,1.1448273658752441,406.91299884801265,2,4,1,1,2
5,370,2370,379200,10,1600,0.5304052025079727,0.4569765031337738,0.74,0.0015387500000000004,0.0015374999999999996,8192,0.8616054654121399,408.0539020660799,3,0,5,0,2
5,380,2380,380800,10,1600,0.45496132373809817,0.33880874514579773,0.76125,0.00152625,0.0015250000000000003,32768,0.4017355144023895,409.57909328409005,1,3,1,2,3
5,390,2390,382400,10,1600,0.5371390402317047,0.7482115030288696,0.743125,0.00151375,0.0015125000000000002,2048,0.8141725063323975,410.9478389599826,4,1,1,1,3
5,400,2400,384000,10,1600,0.5118777990341187,0.4369468688964844,0.741875,0.0015012500000000006,0.0015,8192,0.4075128734111786,412.6086808090331,3,1,1,1,4
5,410,2410,385600,10,1600,0.48539901077747344,0.4381646513938904,0.764375,0.0014887499999999996,0.0014874999999999999,32768,1.2584766149520874,413.92915002803784,1,2,3,2,2
5,420,2420,387200,10,1600,0.5392538726329803,0.4298275113105774,0.75,0.0014762500000000003,0.0014749999999999997,16384,0.5034919381141663,414.9482634990709,3,1,1,5,0
5,430,2430,388800,10,1600,0.5227944940328598,0.8072330355644226,0.746875,0.0014637500000000002,0.0014625000000000003,2048,0.7616867423057556,416.45844721002504,2,2,1,2,3
5,440,2440,390400,10,1600,0.5669508695602417,0.41688060760498047,0.724375,0.0014512499999999998,0.0014500000000000003,32768,1.0499699115753174,417.27175493200775,3,4,1,1,1
5,450,2450,392000,10,1600,0.47066253423690796,0.3360535204410553,0.7675,0.0014387500000000008,0.0014375,32768,0.540083646774292,418.9858612820972,2,1,2,1,4
5,460,2460,393600,10,1600,0.5294517934322357,0.7421225905418396,0.74375,0.0014262499999999996,0.0014249999999999998,2048,0.6574351191520691,420.1826017940184,2,2,3,1,2
5,470,2470,395200,10,1600,0.40192778408527374,0.3406824469566345,0.796875,0.0014137500000000003,0.0014124999999999997,8192,0.40305691957473755,422.2253875610186,1,0,3,1,5
5,480,2480,396800,10,1600,0.4506484180688858,0.36963945627212524,0.760625,0.0014012500000000002,0.0014000000000000004,32768,0.6495702266693115,424.2962355170166,2,0,1,2,5
5,490,2490,398400,10,1600,0.49677123725414274,0.5388903021812439,0.75625,0.00138875,0.0013875000000000003,4096,0.7170228958129883,425.824058052036,1,3,1,2,3
5,500,2500,400000,10,1600,0.480336132645607,0.48330289125442505,0.755,0.0013762500000000007,0.001375,8192,0.5684788227081299,427.01323688507546,2,2,3,1,2
6,10,2510,401600,10,1600,0.514149084687233,0.28876546025276184,0.755,0.0013637499999999995,0.0013625,32768,0.47080302238464355,445.9925617109984,3,0,1,4,2
6,20,2520,403200,10,1600,0.45530129671096803,0.3302547335624695,0.76625,0.0013512500000000005,0.0013499999999999996,32768,0.8737539052963257,447.5981044790242,1,1,3,2,3
6,30,2530,404800,10,1600,0.5213535547256469,0.2980059087276459,0.74875,0.00133875,0.0013375000000000004,16384,0.4074477255344391,448.6987309450051,3,1,2,3,1
6,40,2540,406400,10,1600,0.5305999875068664,0.43379583954811096,0.74375,0.00132625,0.0013250000000000002,16384,0.5041660070419312,449.9117549849907,4,1,1,2,2
6,50,2550,408000,10,1600,0.46768147945404054,0.43066996335983276,0.759375,0.0013137500000000007,0.0013125,16384,0.7391077876091003,450.9835386989871,1,2,2,5,0
6,60,2560,409600,10,1600,0.5250298112630845,0.3438888192176819,0.734375,0.0013012499999999995,0.0013,16384,0.2945524752140045,451.7464541500667,1,4,3,2,0
6,70,2570,411200,10,1600,0.5574243277311325,0.3210776448249817,0.731875,0.0012887500000000004,0.0012874999999999996,16384,0.608765184879303,452.958451871993,4,1,1,2,2
6,80,2580,412800,10,1600,0.4897556573152542,0.2947405278682709,0.76375,0.00127625,0.0012750000000000005,32768,0.6235637664794922,454.3170950830681,2,2,3,0,3
6,90,2590,414400,10,1600,0.5015486150979995,0.4264870584011078,0.755625,0.0012637500000000001,0.0012625000000000002,16384,0.8606730699539185,455.5771292030113,3,1,2,2,2
6,100,2600,416000,10,1600,0.42537881731987,0.35667523741722107,0.80625,0.0012512500000000006,0.00125,16384,0.47770437598228455,457.65742834005505,1,1,1,2,5
6,110,2610,417600,10,1600,0.3925587713718414,0.3500920236110687,0.80125,0.0012387499999999996,0.0012374999999999999,8192,0.7256563901901245,459.2298696610378,0,1,3,4,2
6,120,2620,419200,10,1600,0.4700721651315689,0.42463263869285583,0.77125,0.0012262500000000003,0.0012249999999999995,4096,0.3807034492492676,460.9031131430529,3,1,1,1,4
6,130,2630,420800,10,1600,0.5782329052686691,0.8022404909133911,0.723125,0.00121375,0.0012125000000000005,2048,0.8410176634788513,461.61652002704795,5,2,0,3,0
6,140,2640,422400,10,1600,0.6211177498102188,0.477061927318573,0.706875,0.00120125,0.0012000000000000001,8192,0.44680896401405334,462.1773589530494,5,2,2,1,0
6,150,2650,424000,10,1600,0.6275765061378479,0.45806369185447693,0.70375,0.0011887500000000006,0.0011875,8192,0.31782445311546326,462.61449306609575,5,3,2,0,0
6,160,2660,425600,10,1600,0.48258656859397886,0.7216587662696838,0.7725,0.0011762499999999996,0.0011749999999999998,2048,0.6462600827217102,463.7579297370976,2,1,3,3,1
6,170,2670,427200,10,1600,0.5470978260040283,0.340366929769516,0.748125,0.0011637500000000003,0.0011624999999999997,8192,0.6783324480056763,464.44677815702744,4,2,2,2,0
6,180,2680,428800,10,1600,0.46373394727706907,0.3504229485988617,0.764375,0.0011512500000000001,0.0011500000000000004,32768,1.054862380027771,466.3985197820002,2,1,1,1,5
6,190,2690,430400,10,1600,0.4815828174352646,0.7802497148513794,0.76875,0.00113875,0.0011375,2048,0.8096455931663513,467.749995558057,2,0,4,2,2
6,200,2700,432000,10,1600,0.39038724899291993,0.3417244553565979,0.794375,0.0011262500000000005,0.0011250000000000001,32768,0.438520222902298,469.445105395047,0,2,2,3,3
6,210,2710,433600,10,1600,0.5009941309690475,0.762774646282196,0.756875,0.0011137499999999997,0.0011124999999999998,4096,0.7535132169723511,470.6938021100359,1,4,1,2,2
6,220,2720,435200,10,1600,0.4747885078191757,0.41729679703712463,0.77625,0.0011012500000000002,0.0010999999999999996,16384,0.7453356385231018,472.00539262604434,2,3,0,3,2
6,230,2730,436800,10,1600,0.5381238102912903,0.5368642807006836,0.7375,0.00108875,0.0010875000000000004,8192,0.7348120212554932,473.0238120970316,3,1,3,2,1
6,240,2740,438400,10,1600,0.4409494370222092,0.3629067540168762,0.775,0.00107625,0.0010750000000000002,16384,0.38543379306793213,474.56886402808595,2,1,2,2,3
6,250,2750,440000,10,1600,0.47274653017520907,0.28817328810691833,0.77125,0.0010637500000000007,0.0010625,32768,0.5968062281608582,475.9835718490649,0,5,1,1,3
6,260,2760,441600,10,1600,0.48489544093608855,0.388315886259079,0.761875,0.0010512499999999997,0.0010499999999999997,8192,0.9233097434043884,477.1938987619942,1,3,3,1,2
6,270,2770,443200,10,1600,0.48781061470508574,0.4507364332675934,0.7575,0.0010387500000000002,0.0010374999999999998,16384,1.5571908950805664,478.5919811660424,1,2,2,3,2
6,280,2780,444800,10,1600,0.495748433470726,0.7523025274276733,0.75125,0.0010262500000000003,0.0010250000000000003,2048,0.5866354703903198,480.20378150208853,3,0,1,3,3
6,290,2790,446400,10,1600,0.5276091068983078,0.3573622703552246,0.7475,0.00101375,0.0010125000000000002,16384,0.5485078692436218,481.15375901502557,2,2,4,1,1
6,300,2800,448000,10,1600,0.4499551266431808,0.45718488097190857,0.774375,0.0010012500000000006,0.001,4096,0.647887110710144,481.96972137806006,0,4,4,2,0
6,310,2810,449600,10,1600,0.495045006275177,0.40066736936569214,0.755625,0.0009887499999999996,0.0009874999999999999,32768,0.45617368817329407,483.44259734405205,2,1,3,1,3
6,320,2820,451200,10,1600,0.45484699308872223,0.6457383036613464,0.77,0.0009762500000000003,0.0009749999999999997,2048,0.5774293541908264,484.9001089470694,2,1,1,4,2
6,330,2830,452800,10,1600,0.4901252597570419,0.3737388551235199,0.758125,0.0009637500000000002,0.0009625000000000004,16384,0.907774806022644,486.0484729160089,2,1,3,3,1
6,340,2840,454400,10,1600,0.41791391372680664,0.29397138953208923,0.783125,0.00095125,0.0009500000000000002,32768,0.2867289185523987,488.16880842100363,1,0,2,2,5
6,350,2850,456000,10,1600,0.4936373233795166,0.6320154666900635,0.761875,0.0009387500000000007,0.0009375,2048,0.49125516414642334,489.97494384401944,4,0,1,0,5
6,360,2860,457600,10,1600,0.4671539753675461,0.5306881070137024,0.769375,0.0009262499999999996,0.0009249999999999998,4096,0.7681568264961243,491.52668172400445,2,1,2,2,3
6,370,2870,459200,10,1600,0.49542429447174074,0.45681580901145935,0.754375,0.0009137500000000003,0.0009124999999999997,8192,0.7867477536201477,492.5621796400519,1,3,3,2,1
6,380,2880,460800,10,1600,0.49062288999557496,0.2892708480358124,0.768125,0.0009012500000000001,0.0009000000000000004,32768,0.47473984956741333,493.93852176808286,2,3,1,1,3
6,390,2890,462400,10,1600,0.5920039623975754,0.4474301338195801,0.705625,0.00088875,0.0008875000000000003,8192,0.5424875020980835,494.4748217990855,5,2,2,1,0
6,400,2900,464000,10,1600,0.505282285809517,0.35838988423347473,0.7475,0.0008762500000000007,0.000875,32768,1.1110001802444458,495.6505703460425,2,2,3,1,2
6,410,2910,465600,10,1600,0.4357678979635239,0.34108656644821167,0.78125,0.0008637499999999996,0.0008624999999999998,16384,0.8977957963943481,497.2613355470821,2,1,1,3,3
6,420,2920,467200,10,1600,0.5877955734729767,0.5688813924789429,0.73,0.0008512500000000002,0.0008499999999999996,4096,0.6218453049659729,498.39335359307006,5,1,0,2,2
6,430,2930,468800,10,1600,0.4834297031164169,0.369370698928833,0.76,0.0008387500000000001,0.0008375000000000004,8192,0.3078496754169464,499.413864976028,2,2,3,2,1
6,440,2940,470400,10,1600,0.601299113035202,0.6957446932792664,0.71,0.0008262499999999999,0.0008250000000000002,2048,0.6311740875244141,500.4263075890485,6,1,0,1,2
6,450,2950,472000,10,1600,0.52918641269207,0.8338829278945923,0.74,0.0008137500000000007,0.0008125000000000001,2048,0.6851730942726135,501.38859915407375,3,2,2,2,1
6,460,2960,473600,10,1600,0.52580646276474,0.3449327051639557,0.74375,0.0008012499999999997,0.0007999999999999998,32768,0.47914212942123413,502.58531786408275,4,3,0,0,3
6,470,2970,475200,10,1600,0.48790601193904876,0.4451221823692322,0.75375,0.0007887500000000003,0.0007874999999999997,4096,0.5607103109359741,503.90205535909627,3,1,1,3,2
6,480,2980,476800,10,1600,0.4334296852350235,0.5482638478279114,0.778125,0.0007762500000000001,0.0007750000000000003,4096,0.6535122990608215,505.4131297940621,1,3,1,2,3
6,490,2990,478400,10,1600,0.520741093158722,0.33580613136291504,0.758125,0.0007637499999999999,0.0007625000000000002,32768,0.9869232177734375,506.7732727790717,3,0,2,3,2
6,500,3000,480000,10,1600,0.4282059073448181,0.2884748578071594,0.791875,0.0007512500000000006,0.00075,32768,0.4940749406814575,508.4813432809897,1,2,2,1,4
7,10,3010,481600,10,1600,0.5242624849081039,0.5708819627761841,0.735,0.0007387499999999996,0.0007374999999999999,4096,0.5983713865280151,526.7609185930341,3,3,2,2,0
7,20,3020,483200,10,1600,0.525780999660492,0.7317491173744202,0.744375,0.0007262500000000003,0.0007249999999999996,2048,0.5639473795890808,528.0547454810003,3,2,2,0,3
7,30,3030,484800,10,1600,0.5195944011211395,0.5877272486686707,0.751875,0.0007137500000000001,0.0007125000000000004,4096,0.8588937520980835,528.8472233590437,2,4,3,0,1
7,40,3040,486400,10,1600,0.5083714157342911,0.5009910464286804,0.7425,0.0007012499999999999,0.0007000000000000002,4096,0.6784335970878601,529.875415030052,2,4,0,3,1
7,50,3050,488000,10,1600,0.5431831300258636,0.36194854974746704,0.734375,0.0006887500000000007,0.0006875,16384,0.8857443928718567,530.6097949570976,3,2,3,2,0
7,60,3060,489600,10,1600,0.6147413700819016,0.3581187427043915,0.694375,0.0006762499999999996,0.0006749999999999998,16384,0.5305413007736206,531.0969790869858,5,4,0,1,0
7,70,3070,491200,10,1600,0.4604415148496628,0.341203510761261,0.756875,0.0006637500000000003,0.0006624999999999997,16384,0.5836824178695679,532.3218077780912,1,2,2,4,1
7,80,3080,492800,10,1600,0.49421887695789335,0.8463391065597534,0.744375,0.0006512500000000001,0.0006500000000000004,2048,1.0504083633422852,533.5698142449837,3,1,2,2,2
7,90,3090,494400,10,1600,0.4828315258026123,0.4107464849948883,0.754375,0.00063875,0.0006375000000000002,16384,1.1831414699554443,535.068075482035,2,2,1,2,3
7,100,3100,496000,10,1600,0.4373816788196564,0.30946069955825806,0.7825,0.0006262500000000006,0.000625,16384,0.4343419075012207,536.6511998770293,1,1,3,2,3
7,110,3110,497600,10,1600,0.4799761980772018,0.7352472543716431,0.756875,0.0006137499999999996,0.0006124999999999999,2048,0.6936341524124146,538.1030020480976,2,1,3,1,3
7,120,3120,499200,10,1600,0.4819736361503601,0.504738986492157,0.768125,0.0006012500000000003,0.0005999999999999996,8192,0.7391349077224731,539.3723542439984,1,3,2,2,2
7,130,3130,500800,10,1600,0.43288161158561705,0.3594841957092285,0.79125,0.0005887500000000001,0.0005875000000000003,16384,0.4867141842842102,540.7915695700794,1,1,3,3,2
7,140,3140,502400,10,1600,0.541749769449234,0.6233819723129272,0.7325,0.0005762499999999999,0.0005750000000000002,4096,1.0441066026687622,541.8620131510543,4,2,1,1,2
7,150,3150,504000,10,1600,0.40670153498649597,0.335773766040802,0.801875,0.0005637500000000007,0.0005625000000000001,16384,0.6512358784675598,543.9292032660451,1,1,1,2,5
7,160,3160,505600,10,1600,0.5212001472711563,0.44902247190475464,0.753125,0.0005512499999999995,0.0005499999999999998,16384,0.4650074541568756,544.9574167230166,2,2,3,2,1
7,170,3170,507200,10,1600,0.45019434094429017,0.42403191328048706,0.77625,0.0005387500000000003,0.0005374999999999997,4096,0.611614465713501,546.597408561036,2,3,0,1,4
7,180,3180,508800,10,1600,0.43466161489486693,0.7046161890029907,0.78125,0.0005262500000000001,0.0005250000000000004,2048,0.7469265460968018,547.6047683600336,1,2,5,1,1
7,190,3190,510400,10,1600,0.5086259216070175,0.6023434400558472,0.7425,0.00051375,0.0005125000000000002,2048,0.6131730675697327,548.6515361800557,4,1,1,3,1
7,200,3200,512000,10,1600,0.47808944880962373,0.4489865303039551,0.741875,0.0005012500000000006,0.0005,8192,0.5921021103858948,549.6419425250497,2,3,2,2,1
7,210,3210,513600,10,1600,0.44243274033069613,0.4856942594051361,0.778125,0.0005112500000000004,0.0005124999999999993,8192,0.4040805995464325,550.8901882630307,0,3,2,4,1
7,220,3220,515200,10,1600,0.49071336090564727,0.406480610370636,0.7625,0.0005237499999999997,0.0005250000000000004,32768,0.6099446415901184,552.1476844470017,3,1,2,2,2
7,230,3230,516800,10,1600,0.4501405835151672,0.41310596466064453,0.77875,0.000536249999999999,0.0005374999999999997,4096,0.6818715929985046,553.7195095230127,3,1,0,3,3
7,240,3240,518400,10,1600,0.43358277082443236,0.4690891206264496,0.775625,0.0005487500000000001,0.0005500000000000007,4096,0.6380386352539062,554.9724308820441,0,3,2,4,1
7,250,3250,520000,10,1600,0.44257207214832306,0.33572763204574585,0.79125,0.0005612500000000012,0.0005625000000000001,32768,0.714329183101654,556.4725763240131,2,0,2,4,2
7,260,3260,521600,10,1600,0.5768790245056152,0.32736924290657043,0.7225,0.0005737500000000005,0.0005749999999999993,32768,0.6512877941131592,557.5597584029892,4,2,1,1,2
7,270,3270,523200,10,1600,0.4697713732719421,0.3086581230163574,0.76375,0.0005862499999999997,0.0005875000000000003,32768,0.34477850794792175,558.6144595399965,1,5,2,0,2
7,280,3280,524800,10,1600,0.4822726547718048,0.3381284177303314,0.759375,0.000598749999999999,0.0005999999999999996,16384,0.6997066140174866,559.9325531430077,2,3,0,3,2
7,290,3290,526400,10,1600,0.5050065636634826,0.641454815864563,0.75,0.00061125,0.0006125000000000007,2048,0.5382609963417053,560.646764083067,2,4,2,2,0
7,300,3300,528000,10,1600,0.435410937666893,0.4374609589576721,0.79,0.0006237500000000011,0.000625,32768,1.2326767444610596,562.0534388599917,1,2,2,3,2
7,310,3310,529600,10,1600,0.4573727071285248,0.3527434468269348,0.765,0.0006362500000000004,0.0006374999999999993,8192,0.7009097337722778,563.3012252280023,1,2,4,1,2
7,320,3320,531200,10,1600,0.45949498414993284,0.24999332427978516,0.77125,0.0006487499999999997,0.0006500000000000004,32768,0.490630179643631,564.4957334729843,2,2,3,1,2
7,330,3330,532800,10,1600,0.41284539699554446,0.5925166606903076,0.78625,0.0006612499999999991,0.0006624999999999997,4096,0.8506271243095398,565.9605047390796,0,4,2,1,3
7,340,3340,534400,10,1600,0.5133569478988648,0.44805455207824707,0.751875,0.0006737500000000001,0.0006750000000000007,4096,0.484785258769989,566.9470353090437,2,3,2,2,1
7,350,3350,536000,10,1600,0.44311583042144775,0.3002288341522217,0.76875,0.0006862500000000011,0.0006875,32768,1.0026534795761108,568.4477624270367,2,0,2,4,2
7,360,3360,537600,10,1600,0.42609754800796507,0.7606662511825562,0.776875,0.0006987500000000005,0.0006999999999999993,2048,0.7588922381401062,570.4303113820497,2,0,0,4,4
7,370,3370,539200,10,1600,0.4434066951274872,0.38412702083587646,0.779375,0.0007112499999999998,0.0007125000000000004,16384,0.7009361386299133,571.9307168020168,2,0,0,7,1
7,380,3380,540800,10,1600,0.41934714913368226,0.2939296364784241,0.781875,0.000723749999999999,0.0007249999999999996,32768,0.46852073073387146,573.3454400110058,0,3,2,3,2
7,390,3390,542400,10,1600,0.515021163225174,0.45181670784950256,0.743125,0.0007362500000000001,0.0007375000000000007,8192,0.5032069087028503,574.4884393140674,3,2,2,1,2
7,400,3400,544000,10,1600,0.5107905447483063,0.6523963212966919,0.75875,0.0007487500000000012,0.00075,2048,0.5288525223731995,575.6108282920904,3,2,0,4,1
7,410,3410,545600,10,1600,0.42130940556526186,0.4655876159667969,0.80125,0.0007612500000000004,0.0007624999999999993,4096,0.4681481420993805,577.081280324026,1,2,3,1,3
7,420,3420,547200,10,1600,0.527649337053299,0.5790559649467468,0.74375,0.0007737499999999997,0.0007750000000000003,2048,0.5483317375183105,577.9493286670186,4,1,3,1,1
7,430,3430,548800,10,1600,0.42600639462471007,0.4621437191963196,0.784375,0.000786249999999999,0.0007874999999999997,8192,0.8214017748832703,579.5288410449866,1,1,3,2,3
7,440,3440,550400,10,1600,0.46765892803668974,0.2728879749774933,0.775625,0.0007987500000000001,0.0008000000000000008,32768,1.1374080181121826,580.6228100270964,2,2,2,3,1
7,450,3450,552000,10,1600,0.5025067687034607,0.45408645272254944,0.760625,0.0008112500000000012,0.0008125000000000001,4096,0.5451375246047974,581.5424695250113,3,3,1,2,1
7,460,3460,553600,10,1600,0.6062215864658356,0.6351363062858582,0.710625,0.0008237500000000005,0.0008249999999999993,2048,0.6948790550231934,582.3100097030401,6,1,1,1,1
7,470,3470,555200,10,1600,0.49983364045619966,0.5947599411010742,0.75125,0.0008362499999999998,0.0008375000000000004,4096,0.8389546275138855,583.573773999,2,2,2,2,2
7,480,3480,556800,10,1600,0.4920863300561905,0.3410901427268982,0.74,0.000848749999999999,0.0008499999999999996,32768,0.9082292914390564,584.834522922989,2,2,2,2,2
7,490,3490,558400,10,1600,0.43388973772525785,0.40931469202041626,0.78625,0.00086125,0.0008625000000000007,16384,1.1429904699325562,585.8601915630279,1,3,1,5,0
7,500,3500,560000,10,1600,0.4463533788919449,0.3508121967315674,0.77375,0.0008737500000000012,0.000875,32768,0.3419637978076935,587.5284254290164,1,3,1,1,4
8,10,3510,561600,10,1600,0.5043279230594635,0.5641013383865356,0.73875,0.0008862500000000004,0.0008874999999999993,4096,0.7181988954544067,606.0161990760826,2,4,1,2,1
8,20,3520,563200,10,1600,0.4390506327152252,0.3288438022136688,0.765,0.0008987499999999998,0.0009000000000000004,32768,0.5036064386367798,607.7235567329917,1,2,2,1,4
8,30,3530,564800,10,1600,0.48324129581451414,0.5119525194168091,0.759375,0.0009112499999999991,0.0009124999999999997,4096,0.47033292055130005,608.8260257380316,2,2,2,3,1
8,40,3540,566400,10,1600,0.5068884313106536,0.3314134478569031,0.748125,0.0009237500000000001,0.0009250000000000007,32768,0.7372424602508545,610.2538578190142,3,1,2,1,3
8,50,3550,568000,10,1600,0.4684312969446182,0.42867717146873474,0.76125,0.0009362500000000011,0.0009375,8192,0.4617464244365692,611.3864210600732,0,4,2,3,1
8,60,3560,569600,10,1600,0.5124095529317856,0.4266430735588074,0.741875,0.0009487500000000004,0.0009499999999999992,32768,0.7518956661224365,612.7760586900404,2,3,1,1,3
8,70,3570,571200,10,1600,0.42892751693725584,0.33516237139701843,0.7775,0.0009612499999999998,0.0009625000000000004,16384,1.0071547031402588,614.4725003760541,0,4,1,1,4
8,80,3580,572800,10,1600,0.4206528335809708,0.3676115870475769,0.79125,0.000973749999999999,0.0009749999999999997,32768,0.8428089618682861,616.2056684810668,0,3,0,4,3
8,90,3590,574400,10,1600,0.4941442608833313,0.4687075614929199,0.75,0.0009862500000000001,0.0009875000000000007,8192,0.7247336506843567,617.1983271699864,2,1,5,1,1
8,100,3600,576000,10,1600,0.5679771602153778,0.6402713656425476,0.730625,0.0009987500000000012,0.001,4096,0.915888786315918,618.0309079249855,3,4,1,1,1
8,110,3610,577600,10,1600,0.5279768139123917,0.417996883392334,0.744375,0.0010112500000000004,0.0010124999999999993,16384,0.47516411542892456,618.7744133280357,3,2,3,2,0
8,120,3620,579200,10,1600,0.4555716454982758,0.27601414918899536,0.7775,0.0010237499999999997,0.0010250000000000003,16384,0.737718939781189,620.4949131350731,1,2,0,4,3
8,130,3630,580800,10,1600,0.4646257758140564,0.4209875166416168,0.76125,0.001036249999999999,0.0010374999999999998,8192,0.7186818718910217,621.6945607149974,2,2,3,1,2
8,140,3640,582400,10,1600,0.5046117186546326,0.536248505115509,0.736875,0.0010487500000000002,0.0010500000000000006,4096,0.7416144609451294,622.8413650880102,2,3,0,4,1
8,150,3650,584000,10,1600,0.4247286140918732,0.5084656476974487,0.773125,0.0010612500000000012,0.0010625,8192,0.5268714427947998,624.2125102370046,0,2,4,2,2
8,160,3660,585600,10,1600,0.46462362408638,0.5836437940597534,0.76875,0.0010737500000000005,0.0010749999999999994,4096,0.7288386225700378,625.7739879590226,2,3,1,0,4
8,170,3670,587200,10,1600,0.5411095798015595,0.8165764808654785,0.7325,0.0010862499999999998,0.0010875000000000004,2048,0.7037604451179504,626.4705948689952,3,3,2,2,0
8,180,3680,588800,10,1600,0.4831751734018326,0.49899035692214966,0.753125,0.001098749999999999,0.0010999999999999996,4096,0.6859951019287109,627.7087705470622,2,3,1,2,2
8,190,3690,590400,10,1600,0.43818309903144836,0.5025224685668945,0.774375,0.00111125,0.0011125000000000006,4096,0.6609632968902588,628.7297194499988,0,3,5,1,1
8,200,3700,592000,10,1600,0.4769468158483505,0.3150715231895447,0.76,0.001123750000000001,0.0011250000000000001,32768,0.6092534065246582,629.9824750149855,1,4,1,2,2
8,210,3710,593600,10,1600,0.46956693232059477,0.45414185523986816,0.768125,0.0011362500000000005,0.0011374999999999992,8192,0.5077162981033325,631.0521299850661,2,1,4,2,1
8,220,3720,595200,10,1600,0.4763266682624817,0.7675957679748535,0.761875,0.0011487499999999996,0.0011500000000000004,2048,0.7266086339950562,632.6361696299864,3,1,0,3,3
8,230,3730,596800,10,1600,0.4921687215566635,0.431053102016449,0.755,0.001161249999999999,0.0011624999999999997,8192,0.425370454788208,633.6308091670508,2,1,5,1,1
8,240,3740,598400,10,1600,0.45736203491687777,0.3504301607608795,0.77375,0.00117375,0.0011750000000000007,16384,0.5735539197921753,635.3944880979834,1,3,0,2,4
8,250,3750,600000,10,1600,0.4699959397315979,0.3210863173007965,0.768125,0.001186250000000001,0.0011875,16384,0.4917565882205963,637.0261041800259,2,1,1,3,3
8,260,3760,601600,10,1600,0.46501044034957884,0.6175392270088196,0.778125,0.0011987500000000006,0.0011999999999999992,4096,0.6433510780334473,638.5464790799888,1,1,4,1,3
8,270,3770,603200,10,1600,0.5046895146369934,0.4419342875480652,0.751875,0.0012112499999999997,0.0012125000000000005,8192,0.41659870743751526,639.7275394360768,3,1,3,1,2
8,280,3780,604800,10,1600,0.5707691490650177,0.6285654306411743,0.7275,0.0012237499999999991,0.0012249999999999995,4096,0.5404810905456543,640.797476757085,3,4,0,1,2
8,290,3790,606400,10,1600,0.5120469897985458,0.32127347588539124,0.7475,0.00123625,0.0012375000000000008,16384,0.8633732795715332,641.6326339300722,2,3,2,3,0
8,300,3800,608000,10,1600,0.5323388665914536,0.5320597887039185,0.73625,0.0012487500000000012,0.00125,4096,0.7226505279541016,642.2587430310668,3,3,3,1,0
8,310,3810,609600,10,1600,0.45963641107082365,0.31946316361427307,0.778125,0.0012612500000000004,0.0012624999999999993,16384,0.24635566771030426,643.2665904940804,1,2,3,4,0
8,320,3820,611200,10,1600,0.5421964883804321,0.9272196888923645,0.73375,0.0012737499999999997,0.0012750000000000005,2048,0.8829322457313538,644.9205311780097,4,0,1,1,4
8,330,3830,612800,10,1600,0.47168469429016113,0.75420743227005,0.765625,0.001286249999999999,0.0012874999999999996,2048,0.8240975737571716,646.395273711998,2,1,3,1,3
8,340,3840,614400,10,1600,0.4892740786075592,0.37990301847457886,0.75625,0.00129875,0.0013000000000000008,32768,0.6697062253952026,647.9037597150309,2,2,1,2,3
8,350,3850,616000,10,1600,0.46062586903572084,0.3936312794685364,0.770625,0.0013112500000000012,0.0013125,32768,0.4721134901046753,649.285964404,2,1,2,3,2
8,360,3860,617600,10,1600,0.5080881118774414,0.5353080034255981,0.748125,0.0013237500000000005,0.0013249999999999994,4096,0.6627914905548096,650.3488799519837,3,2,1,3,1
8,370,3870,619200,10,1600,0.42186098992824556,0.650847315788269,0.798125,0.0013362499999999998,0.0013375000000000004,4096,1.0579748153686523,652.0071092630969,0,3,1,3,3
8,380,3880,620800,10,1600,0.4429560273885727,0.46341556310653687,0.778125,0.001348749999999999,0.0013499999999999996,8192,0.6797359585762024,653.1948625270743,2,0,4,3,1
8,390,3890,622400,10,1600,0.5798583209514618,0.6138939261436462,0.72375,0.00136125,0.0013625000000000009,2048,0.6126077771186829,654.2772458490217,5,1,1,1,2
8,400,3900,624000,10,1600,0.42637600004673004,0.3833266794681549,0.7825,0.0013737500000000013,0.001375,16384,0.6962383389472961,656.1188985320041,1,1,2,2,4
8,410,3910,625600,10,1600,0.4281604617834091,0.34125781059265137,0.789375,0.0013862500000000003,0.0013874999999999994,16384,0.4123189151287079,657.8231162850279,2,1,0,4,3
8,420,3920,627200,10,1600,0.5349849343299866,0.7827263474464417,0.734375,0.0013987499999999998,0.0014000000000000004,2048,1.178614616394043,658.552888487,3,2,3,2,0
8,430,3930,628800,10,1600,0.5462773859500885,0.6092171669006348,0.735625,0.0014112499999999989,0.0014124999999999997,4096,0.5321459770202637,659.2800597930327,3,4,0,3,0
8,440,3940,630400,10,1600,0.45428075790405276,0.674597978591919,0.779375,0.00142375,0.0014250000000000007,2048,0.6296793222427368,660.7734688720666,2,0,2,4,2
8,450,3950,632000,10,1600,0.4503318339586258,0.38452428579330444,0.77625,0.0014362500000000013,0.0014375,16384,0.7758112549781799,662.006892102072,1,2,2,4,1
8,460,3960,633600,10,1600,0.5309862494468689,0.6956220865249634,0.744375,0.0014487500000000004,0.0014499999999999995,2048,0.6510207056999207,663.261725397082,3,1,2,2,2
8,470,3970,635200,10,1600,0.5258779972791672,0.7441571354866028,0.741875,0.0014612499999999999,0.0014625000000000003,2048,0.700758159160614,664.1621973810252,3,2,3,1,1
8,480,3980,636800,10,1600,0.5061608076095581,0.6726441979408264,0.75625,0.001473749999999999,0.0014749999999999997,2048,0.9299865365028381,665.2177185220644,3,2,1,3,1
8,490,3990,638400,10,1600,0.5862182825803757,0.7773704528808594,0.7275,0.0014862500000000002,0.0014875000000000008,2048,0.6168156266212463,666.0666757189902,4,2,2,1,1
8,500,4000,640000,10,1600,0.452198725938797,0.3224554657936096,0.781875,0.0014987500000000012,0.0015,32768,0.5794450640678406,667.3876999170752,1,2,3,2,2
9,10,4010,641600,10,1600,0.4926116466522217,0.32951468229293823,0.768125,0.0015112500000000004,0.0015124999999999993,16384,0.7331275343894958,686.9212770770537,3,1,0,1,5
9,20,4020,643200,10,1600,0.5176013141870499,0.6985296607017517,0.7475,0.0015237499999999997,0.0015250000000000003,2048,0.6636095643043518,688.2252922269981,3,2,0,3,2
9,30,4030,644800,10,1600,0.44019046425819397,0.36329618096351624,0.79,0.001536249999999999,0.0015374999999999996,16384,1.0066858530044556,689.7018366950797,1,2,1,4,2
9,40,4040,646400,10,1600,0.5830893069505692,0.3844982385635376,0.72125,0.00154875,0.0015500000000000008,32768,1.2774205207824707,690.7939480290515,4,2,1,1,2
9,50,4050,648000,10,1600,0.5088358670473099,0.4027724862098694,0.748125,0.0015612500000000012,0.0015625,32768,0.6946026682853699,692.1267948880559,4,0,1,3,2
9,60,4060,649600,10,1600,0.5256731480360031,0.45378512144088745,0.749375,0.0015737500000000005,0.0015749999999999994,4096,0.29934555292129517,693.27635774808,3,2,2,1,2
9,70,4070,651200,10,1600,0.47241277396678927,0.33566299080848694,0.76375,0.0015862499999999998,0.0015875000000000004,32768,0.6501976847648621,694.5415191079956,2,2,2,2,2
9,80,4080,652800,10,1600,0.44439747333526614,0.6664201617240906,0.7875,0.001598749999999999,0.0015999999999999996,4096,0.8653151392936707,695.8126774810953,1,1,5,1,2
9,90,4090,654400,10,1600,0.5912444233894348,0.4160081744194031,0.71375,0.00161125,0.0016125000000000007,8192,0.47756773233413696,696.3904299000278,5,1,3,1,0
9,100,4100,656000,10,1600,0.45884857773780824,0.6550083160400391,0.775625,0.0016237500000000013,0.0016250000000000001,2048,1.0066237449645996,697.9853218700737,3,0,1,3,3
9,110,4110,657600,10,1600,0.6238368511199951,0.5906754732131958,0.69,0.0016362500000000006,0.0016374999999999994,4096,0.7241613268852234,698.6116004920332,5,4,0,0,1
9,120,4120,659200,10,1600,0.42402940392494204,0.35568922758102417,0.776875,0.0016487499999999998,0.0016500000000000004,16384,0.7392019033432007,700.0829163800227,1,2,1,4,2
9,130,4130,660800,10,1600,0.5658721685409546,0.4047549366950989,0.725625,0.001661249999999999,0.0016624999999999997,8192,0.47466859221458435,700.9322395490017,3,3,2,1,1
9,140,4140,662400,10,1600,0.4599906951189041,0.3043261170387268,0.765,0.00167375,0.0016750000000000007,16384,0.6726567149162292,702.3781350239879,1,3,2,1,3
9,150,4150,664000,10,1600,0.4452636629343033,0.3877245783805847,0.7625,0.0016862500000000011,0.0016875,16384,1.1586226224899292,703.7440149480244,0,2,4,2,2
9,160,4160,665600,10,1600,0.5086695343255997,0.5459767580032349,0.748125,0.0016987500000000004,0.0016999999999999993,4096,0.6361613273620605,704.8971221920801,2,3,2,1,2
9,170,4170,667200,10,1600,0.5342037886381149,0.3815006911754608,0.73875,0.0017112499999999997,0.0017125000000000005,8192,0.9174199104309082,705.6283576100832,3,2,3,2,0
9,180,4180,668800,10,1600,0.6262372732162476,0.36368945240974426,0.689375,0.001723749999999999,0.0017249999999999998,8192,1.227838397026062,706.3010552109918,5,3,1,0,1
9,190,4190,670400,10,1600,0.4258565932512283,0.5179225206375122,0.7775,0.0017362500000000002,0.0017375000000000008,4096,0.5709217190742493,707.902461522026,0,2,3,2,3
9,200,4200,672000,10,1600,0.47145776748657225,0.4018164575099945,0.763125,0.0017487500000000012,0.00175,8192,0.29780638217926025,709.1949361310108,2,1,3,2,2
9,210,4210,673600,10,1600,0.5120031267404557,0.548188328742981,0.739375,0.0017612500000000004,0.0017624999999999993,8192,0.543017566204071,710.1210580600891,2,0,5,3,0
9,220,4220,675200,10,1600,0.4617965042591095,0.3555895686149597,0.778125,0.0017737499999999997,0.0017750000000000003,32768,0.6424623727798462,711.3531180149876,1,4,1,2,2
9,230,4230,676800,10,1600,0.5541222870349884,0.5389302968978882,0.72875,0.001786249999999999,0.0017874999999999996,8192,0.8912127017974854,712.3111387540121,3,2,2,2,1
9,240,4240,678400,10,1600,0.5363486111164093,0.7742123603820801,0.728125,0.00179875,0.0018000000000000008,2048,0.6455396413803101,713.1421370410826,4,2,2,1,1
9,250,4250,680000,10,1600,0.5421513050794602,0.5674769282341003,0.7425,0.0018112500000000012,0.0018125,4096,0.8244779109954834,714.3437569540692,3,2,1,2,2
9,260,4260,681600,10,1600,0.46480132937431334,0.5458607077598572,0.771875,0.0018237500000000005,0.0018249999999999994,4096,0.4809350073337555,715.6644149820786,0,5,0,3,2
9,270,4270,683200,10,1600,0.6891811400651932,0.7684223055839539,0.67625,0.0018362499999999998,0.0018375000000000004,2048,0.6609430909156799,716.0998416470829,7,2,0,1,0
9,280,4280,684800,10,1600,0.43182767629623414,0.35067445039749146,0.771875,0.001848749999999999,0.0018499999999999996,32768,0.3777105510234833,718.0028784940951,1,1,1,3,4
9,290,4290,686400,10,1600,0.4874476969242096,0.42235130071640015,0.7525,0.00186125,0.0018625000000000007,32768,1.4930171966552734,719.2594672640553,2,2,2,2,2
9,300,4300,688000,10,1600,0.49237075746059417,0.4748876690864563,0.765625,0.0018737500000000013,0.001875,16384,0.3829028606414795,720.6304240040481,2,1,0,6,1
9,310,4310,689600,10,1600,0.43981083333492277,0.3606749475002289,0.775,0.0018862500000000006,0.0018874999999999994,16384,0.3641398251056671,721.7055233670399,0,3,4,2,1
9,320,4320,691200,10,1600,0.41563448309898376,0.381300151348114,0.785625,0.0018987499999999998,0.0019000000000000004,32768,0.46186015009880066,723.5470445480896,0,2,2,2,4
9,330,4330,692800,10,1600,0.40160708129405975,0.4435776174068451,0.789375,0.001911249999999999,0.0019124999999999997,8192,0.6762150526046753,724.945265338989,0,1,5,2,2
9,340,4340,694400,10,1600,0.4727911174297333,0.7234379649162292,0.775,0.0019237500000000001,0.0019250000000000007,2048,0.9893710017204285,726.8078138550045,2,1,2,0,5
9,350,4350,696000,10,1600,0.4948436141014099,0.8017069697380066,0.758125,0.0019362500000000011,0.0019375,2048,1.0893609523773193,728.5847992670024,2,1,1,2,4
9,360,4360,697600,10,1600,0.39410070776939393,0.42695266008377075,0.8025,0.0019487500000000004,0.0019499999999999993,16384,0.6779047846794128,730.5004801050527,0,0,2,5,3
9,370,4370,699200,10,1600,0.451484814286232,0.36346906423568726,0.783125,0.0019612499999999995,0.0019625000000000007,16384,0.436366468667984,732.0483385440893,1,2,2,2,3
9,380,4380,700800,10,1600,0.48606727421283724,0.8171133995056152,0.75375,0.001973749999999999,0.0019749999999999998,2048,0.6835079789161682,733.7050210250309,2,2,1,1,4
9,390,4390,702400,10,1600,0.4164929300546646,0.559447169303894,0.78625,0.00198625,0.0019875000000000006,4096,0.5834158062934875,735.2619165020296,0,1,5,1,3
9,400,4400,704000,10,1600,0.5372032731771469,0.3731215000152588,0.733125,0.0019987500000000014,0.002,32768,0.44297733902931213,736.5640857500257,2,3,2,0,3
9,410,4410,705600,10,1600,0.5815104871988297,0.6005722880363464,0.73125,0.0020112500000000005,0.0020124999999999995,4096,0.4409039616584778,737.4461451880634,3,2,3,1,1
9,420,4420,707200,10,1600,0.4859750300645828,0.5223439335823059,0.7575,0.0020237499999999995,0.0020250000000000003,8192,0.9324114322662354,738.8031197090168,0,2,4,2,2
9,430,4430,708800,10,1600,0.4981813907623291,0.4237171709537506,0.759375,0.002036249999999999,0.0020374999999999994,16384,0.6363705992698669,740.1715041770367,2,3,1,3,1
9,440,4440,710400,10,1600,0.4701426804065704,0.4890495836734772,0.778125,0.0020487500000000002,0.0020500000000000006,4096,0.8261103630065918,741.5884238129947,2,2,2,1,3
9,450,4450,712000,10,1600,0.5235406845808029,0.47294265031814575,0.74625,0.0020612500000000014,0.0020625,8192,0.5787122249603271,742.6115240480285,2,4,2,0,2
9,460,4460,713600,10,1600,0.4659052282571793,0.751612663269043,0.77125,0.0020737500000000005,0.0020749999999999996,2048,1.0429326295852661,744.3219570140354,1,2,2,1,4
9,470,4470,715200,10,1600,0.5317528307437897,0.7175992727279663,0.73375,0.0020862499999999996,0.0020875000000000004,2048,0.610958993434906,745.4457715350436,3,2,2,1,2
9,480,4480,716800,10,1600,0.46738131046295167,0.3495981693267822,0.76,0.002098749999999999,0.0020999999999999994,32768,0.7738425135612488,746.610331753036,2,0,4,3,1
9,490,4490,718400,10,1600,0.4492630183696747,0.3286246061325073,0.77125,0.0021112500000000003,0.0021125000000000007,32768,1.11368989944458,748.4772369600832,1,2,0,3,4
9,500,4500,720000,10,1600,0.5660168319940567,0.6808387637138367,0.715625,0.0021237500000000015,0.002125,4096,1.1936393976211548,749.3127238340676,4,2,2,1,1
10,10,4510,721600,10,1600,0.5622709333896637,0.7590274214744568,0.716875,0.0021362500000000006,0.0021374999999999996,2048,0.5475852489471436,768.1241754150251,2,5,1,1,1
10,20,4520,723200,10,1600,0.5643965065479278,0.39428308606147766,0.733125,0.0021487499999999996,0.0021500000000000004,32768,0.798774242401123,769.5840390640078,3,2,0,2,3
10,30,4530,724800,10,1600,0.5247900873422623,0.5034493207931519,0.738125,0.002161249999999999,0.0021624999999999995,16384,0.8729634284973145,770.9072414740222,3,1,1,3,2
10,40,4540,726400,10,1600,0.5095796972513199,0.5641167163848877,0.73625,0.0021737500000000003,0.0021750000000000007,4096,0.4443722069263458,772.2952017030912,1,2,2,3,2
10,50,4550,728000,10,1600,0.5825529396533966,0.7131038904190063,0.72625,0.002186250000000001,0.0021875,2048,0.530168890953064,773.2215585530503,4,2,1,2,1
10,60,4560,729600,10,1600,0.5749330878257751,0.35916247963905334,0.736875,0.00219875,0.0021999999999999993,32768,0.7218942642211914,774.4745394180063,4,2,1,0,3
10,70,4570,731200,10,1600,0.559757724404335,0.30030980706214905,0.73875,0.0022112499999999997,0.0022125000000000005,32768,0.5023698210716248,775.7127388040535,5,1,1,0,3
10,80,4580,732800,10,1600,0.4873897939920425,0.33113694190979004,0.76875,0.002223749999999999,0.0022249999999999995,32768,0.7509925365447998,777.0272742550587,2,3,2,0,3
10,90,4590,734400,10,1600,0.5148811936378479,0.3667077422142029,0.748125,0.0022362500000000004,0.0022375000000000008,16384,0.6285873651504517,778.2935044770129,3,1,2,2,2
10,100,4600,736000,10,1600,0.5245823204517365,0.7345183491706848,0.758125,0.002248750000000001,0.0022500000000000003,2048,0.5855107307434082,779.7744858390652,2,3,0,2,3
10,110,4610,737600,10,1600,0.4750059276819229,0.561133623123169,0.766875,0.0022612500000000002,0.0022624999999999993,8192,1.2140800952911377,780.8382344930433,0,4,3,2,1
10,120,4620,739200,10,1600,0.5608190774917603,0.6096032857894897,0.7225,0.0022737499999999997,0.002275,4096,0.678316593170166,781.6568423170829,3,2,2,3,0
10,130,4630,740800,10,1600,0.43716798424720765,0.392219603061676,0.77375,0.0022862499999999992,0.0022874999999999996,32768,0.681621253490448,783.3899766950635,0,1,3,3,3
10,140,4640,742400,10,1600,0.5134199023246765,0.7507931590080261,0.73875,0.00229875,0.002300000000000001,2048,0.9874849915504456,784.109176801052,2,4,2,2,0
10,150,4650,744000,10,1600,0.46143036484718325,0.34606483578681946,0.76875,0.0023112500000000012,0.0023125000000000003,16384,0.4209100604057312,785.7060981370742,1,1,1,5,2
10,160,4660,745600,10,1600,0.44144919216632844,0.45869532227516174,0.78125,0.0023237500000000003,0.0023249999999999994,8192,0.7649509906768799,787.1222764070844,0,1,5,2,2
10,170,4670,747200,10,1600,0.5230623215436936,0.31264039874076843,0.74625,0.00233625,0.0023375,32768,0.6386990547180176,788.4575094539905,3,1,1,3,2
10,180,4680,748800,10,1600,0.4695160001516342,0.4031047821044922,0.78375,0.0023487499999999993,0.0023499999999999997,8192,0.7301610112190247,789.4264698020415,1,3,4,1,1
10,190,4690,750400,10,1600,0.5908099174499511,0.7454065084457397,0.703125,0.00236125,0.002362500000000001,2048,0.7994642853736877,789.9792526779929,3,5,1,1,0
10,200,4700,752000,10,1600,0.4633855879306793,0.5048964023590088,0.773125,0.0023737500000000013,0.002375,8192,0.5188148617744446,791.3963796750177,0,3,2,3,2
10,210,4710,753600,10,1600,0.5230366230010987,0.36626750230789185,0.75375,0.0023862500000000003,0.0023874999999999994,32768,1.0452266931533813,792.7967335249996,2,3,1,1,3
10,220,4720,755200,10,1600,0.4871456563472748,0.5274790525436401,0.758125,0.00239875,0.0024000000000000002,4096,0.35932135581970215,794.1427620610921,2,2,1,3,2
10,230,4730,756800,10,1600,0.5341340154409409,0.4062383770942688,0.735,0.0024112499999999993,0.0024124999999999997,16384,0.6692147254943848,795.3102550290059,3,1,1,4,1
10,240,4740,758400,10,1600,0.5117082357406616,0.5010464787483215,0.73875,0.00242375,0.002425000000000001,4096,0.524538516998291,796.3791114620399,2,3,1,3,1
10,250,4750,760000,10,1600,0.5024473428726196,0.3552566468715668,0.756875,0.002436250000000001,0.0024375,16384,0.4960501492023468,797.8833194060717,2,0,2,4,2
10,260,4760,761600,10,1600,0.491042822599411,0.29545170068740845,0.7525,0.0024487500000000004,0.002449999999999999,32768,0.6373342871665955,799.0401246770052,1,2,3,3,1
10,270,4770,763200,10,1600,0.5274839669466018,0.5074859857559204,0.74,0.00246125,0.0024625000000000003,8192,0.4564829170703888,800.3154471290763,2,2,2,2,2
10,280,4780,764800,10,1600,0.4737954497337341,0.3976544737815857,0.751875,0.002473749999999999,0.0024749999999999998,8192,0.47297418117523193,801.3566038920544,1,1,6,1,1
10,290,4790,766400,10,1600,0.5709024161100388,0.39566683769226074,0.731875,0.00248625,0.0024875000000000006,32768,0.8981125354766846,802.5785715500824,3,2,1,2,2
10,300,4800,768000,10,1600,0.6338487982749939,0.24368277192115784,0.701875,0.0024987500000000014,0.0025,32768,0.6457576751708984,803.6266292250948,5,2,0,1,2
10,310,4810,769600,10,1600,0.42764578461647035,0.5418914556503296,0.786875,0.0024887499999999996,0.0024875000000000006,4096,0.8309922218322754,805.3133602190064,1,1,2,3,3
10,320,4820,771200,10,1600,0.41822010576725005,0.405132919549942,0.7975,0.00247625,0.0024749999999999998,8192,0.2565807104110718,806.6401777270949,0,1,4,4,1
10,330,4830,772800,10,1600,0.5513129025697708,0.967311680316925,0.744375,0.002463750000000001,0.0024625000000000003,2048,1.5934146642684937,807.7115184540162,2,3,1,3,1
10,340,4840,774400,10,1600,0.5023126065731048,0.7930173277854919,0.770625,0.0024512500000000003,0.002449999999999999,2048,0.7160388827323914,809.1460154830711,2,2,2,1,3
10,350,4850,776000,10,1600,0.623302960395813,0.5904313921928406,0.689375,0.002438749999999999,0.0024375,4096,1.0509567260742188,809.941242565983,3,5,0,1,1
10,360,4860,777600,10,1600,0.5198786199092865,0.7282475233078003,0.744375,0.0024262499999999996,0.002425000000000001,2048,0.8678020238876343,810.829863724066,2,4,2,1,1
10,370,4870,779200,10,1600,0.4768348097801208,0.5129135847091675,0.761875,0.00241375,0.0024124999999999997,4096,0.7558806538581848,812.469360001036,1,2,1,3,3
10,380,4880,780800,10,1600,0.4930351585149765,0.44343289732933044,0.773125,0.002401250000000001,0.0024000000000000002,8192,0.6888206005096436,813.4707034250023,1,2,5,1,1
10,390,4890,782400,10,1600,0.5618955463171005,0.7731447815895081,0.7175,0.0023887500000000002,0.0023874999999999994,2048,0.5591251254081726,814.6365307800006,4,0,1,4,1
10,400,4900,784000,10,1600,0.43004142940044404,0.5102319717407227,0.778125,0.002376249999999999,0.002375,16384,1.189600944519043,816.3733486080309,0,3,0,4,3
10,410,4910,785600,10,1600,0.5215558260679245,0.36511069536209106,0.74375,0.0023637499999999995,0.002362500000000001,8192,0.5699821710586548,817.5501021430828,3,1,3,1,2
10,420,4920,787200,10,1600,0.5815371900796891,0.7077736854553223,0.724375,0.00235125,0.0023499999999999997,2048,0.6217806935310364,818.3132389850216,5,1,3,0,1
10,430,4930,788800,10,1600,0.45185436904430387,0.8647921681404114,0.77125,0.002338750000000001,0.0023375,2048,0.9791891574859619,819.3962255960796,1,2,4,2,1
10,440,4940,790400,10,1600,0.5208560049533844,0.5238960385322571,0.75375,0.00232625,0.0023249999999999994,4096,0.7424283027648926,820.1483350930503,2,5,2,0,1
10,450,4950,792000,10,1600,0.5724350422620773,0.8354259729385376,0.720625,0.002313749999999999,0.0023125000000000003,2048,0.6337330341339111,820.7536596010905,4,2,3,1,0
10,460,4960,793600,10,1600,0.48739220201969147,0.3161126971244812,0.7525,0.0023012499999999995,0.002300000000000001,16384,0.3749566078186035,821.9880592300324,2,1,2,4,1
10,470,4970,795200,10,1600,0.44574247896671293,0.31346771121025085,0.77375,0.0022887500000000004,0.0022874999999999996,8192,0.6063587069511414,823.1916211399948,1,3,3,1,2
10,480,4980,796800,10,1600,0.44388574957847593,0.3164669871330261,0.7725,0.0022762500000000014,0.002275,32768,0.5266720652580261,825.1620321969967,1,2,1,1,5
10,490,4990,798400,10,1600,0.5711241841316224,0.41919296979904175,0.741875,0.00226375,0.0022624999999999993,32768,1.379616141319275,826.3257538260659,5,1,0,2,2
10,500,5000,800000,10,1600,0.48237484395504,0.44087639451026917,0.760625,0.002251249999999999,0.0022500000000000003,16384,0.876197338104248,828.1899573460687,2,1,0,3,4
11,100,5100,816000,100,16000,0.5051951965689659,0.4242457449436188,0.751125,0.002126249999999999,0.002125,16384,0.8115911483764648,858.6100325650768,20,25,13,21,21
11,200,5200,832000,100,16000,0.5017613181471825,0.35162875056266785,0.75225,0.0020012499999999987,0.002,16384,0.632985532283783,870.2912942210678,20,26,18,19,17
11,300,5300,848000,100,16000,0.47910359531641006,0.5228783488273621,0.7670625,0.0018762499999999988,0.001875,8192,0.57741779088974,882.0794682620326,15,24,28,16,17
11,400,5400,864000,100,16000,0.4804377582669258,0.5801019668579102,0.761625,0.001751249999999999,0.00175,4096,0.7745535969734192,895.2825742140412,21,14,23,21,21
11,500,5500,880000,100,16000,0.5093384945392608,0.34683555364608765,0.7461875,0.0016262499999999988,0.0016250000000000001,8192,0.5112879872322083,906.1909552119905,27,20,21,17,15
12,100,5600,896000,100,16000,0.48950938880443573,0.34078994393348694,0.7595625,0.001501249999999999,0.0015,32768,0.5164108276367188,936.5967508429894,26,14,16,25,19
12,200,5700,912000,100,16000,0.4710540693998337,0.8172507286071777,0.7645625,0.001376249999999999,0.001375,2048,0.7030820250511169,949.9467656360939,19,18,25,14,24
12,300,5800,928000,100,16000,0.46125211209058764,0.2589266896247864,0.769375,0.0012512499999999989,0.00125,32768,0.5627686977386475,962.3118511530338,19,18,23,23,17
12,400,5900,944000,100,16000,0.4427176082134247,0.3654291033744812,0.7793125,0.0011262499999999988,0.0011250000000000001,32768,0.8251550197601318,976.2377971740207,15,14,25,24,22
12,500,6000,960000,100,16000,0.49920379877090454,0.4993947148323059,0.75225,0.0010012499999999989,0.001,8192,0.6078311800956726,988.9535384300398,30,17,13,17,23
13,100,6100,976000,100,16000,0.46811270371079444,0.3431154191493988,0.7723125,0.0008762499999999989,0.000875,32768,0.6184366941452026,1019.404237076058,19,19,23,18,21
13,200,6200,992000,100,16000,0.46170307517051695,0.40258240699768066,0.7708125,0.0007512499999999989,0.00075,8192,0.29333609342575073,1031.2378143990645,20,21,15,31,13
13,300,6300,1008000,100,16000,0.47762889981269835,0.4306083619594574,0.764625,0.0006262499999999989,0.000625,4096,0.2981760799884796,1042.6684129330097,19,24,20,23,14
13,400,6400,1024000,100,16000,0.4384515526890755,0.5143457651138306,0.779375,0.0005012499999999989,0.0005,4096,0.5683683753013611,1056.5833440350834,14,20,19,25,22
13,500,6500,1040000,100,16000,0.4600813242793083,0.4108330309391022,0.7704375,0.0006237499999999994,0.000625,16384,0.7310718894004822,1068.2818520060973,15,30,20,18,17
14,100,6600,1056000,100,16000,0.4627805069088936,0.7283957600593567,0.7709375,0.0007487499999999994,0.00075,2048,0.4549012780189514,1097.3837155600777,16,26,24,18,16
14,200,6700,1072000,100,16000,0.4658054581284523,0.6989735960960388,0.7703125,0.0008737499999999993,0.000875,2048,0.4788329601287842,1110.609132232028,21,20,14,24,21
14,300,6800,1088000,100,16000,0.4526774835586548,0.30882447957992554,0.772,0.0009987499999999994,0.001,16384,0.4998900294303894,1123.8218557430664,17,17,25,20,21
14,400,6900,1104000,100,16000,0.4672026364505291,0.38457146286964417,0.76775,0.0011237499999999993,0.0011250000000000001,8192,0.3181362748146057,1137.3328204310965,21,21,17,16,25
14,500,7000,1120000,100,16000,0.45730271860957145,0.3218142092227936,0.7730625,0.0012487499999999994,0.00125,16384,0.6288217902183533,1151.6756591440644,19,18,10,30,23
15,100,7100,1136000,100,16000,0.4775883319973946,0.47328558564186096,0.7663125,0.0013737499999999995,0.001375,4096,0.40595826506614685,1181.256712950999,20,19,23,22,16
15,200,7200,1152000,100,16000,0.46666185557842255,0.7186177968978882,0.76925,0.0014987499999999994,0.0015,2048,0.49924448132514954,1194.9566007379908,16,21,17,24,22
15,300,7300,1168000,100,16000,0.48477120846509936,0.332480251789093,0.7626875,0.0016237499999999993,0.0016250000000000001,16384,0.2629317343235016,1206.679608245031,22,24,21,14,19
15,400,7400,1184000,100,16000,0.47426454186439515,0.35200589895248413,0.76125,0.0017487499999999994,0.00175,16384,0.6802165508270264,1218.5354980950942,20,22,20,22,16
15,500,7500,1200000,100,16000,0.48109086900949477,0.29879993200302124,0.7588125,0.0018737499999999993,0.001875,16384,0.8942806720733643,1231.382729355013,19,18,19,26,18
16,100,7600,1216000,100,16000,0.5024035254120827,0.35329970717430115,0.7535,0.0019987499999999997,0.002,32768,0.4359641969203949,1259.4394247370074,22,25,21,20,12
16,200,7700,1232000,100,16000,0.48377126157283784,0.39707908034324646,0.762375,0.0021237499999999993,0.002125,16384,0.6021415591239929,1271.8435481180204,19,23,17,22,19
16,300,7800,1248000,100,16000,0.49160044252872465,0.33086782693862915,0.75825,0.0022487499999999994,0.0022500000000000003,32768,0.6270357370376587,1283.2586195580661,20,20,24,21,15
16,400,7900,1264000,100,16000,0.5009551072120666,0.3993489146232605,0.7551875,0.002373749999999999,0.002375,16384,0.6261467933654785,1294.3974407330388,20,27,18,20,15
16,500,8000,1280000,100,16000,0.47758776843547823,0.5369497537612915,0.7638125,0.0024987499999999992,0.0025,4096,0.5016844272613525,1309.151672965032,18,17,18,18,29
17,100,8100,1296000,100,16000,0.5119729053974151,0.628909707069397,0.7483125,0.0023762500000000008,0.002375,4096,0.685182511806488,1338.1681791810552,20,26,23,13,18
17,200,8200,1312000,100,16000,0.4750844651460648,0.6733747720718384,0.7610625,0.0022512500000000006,0.0022500000000000003,2048,0.5382126569747925,1350.9597300830064,19,17,19,27,18
17,300,8300,1328000,100,16000,0.4577810549736023,0.33448684215545654,0.772875,0.0021262500000000005,0.002125,16384,0.4767477810382843,1365.34646316804,14,18,18,27,23
17,400,8400,1344000,100,16000,0.46669591397047044,0.5733290910720825,0.767375,0.0020012500000000004,0.002,4096,0.7338767051696777,1379.5221458660671,17,19,18,21,25
17,500,8500,1360000,100,16000,0.48004408955574035,0.29599255323410034,0.7655,0.0018762500000000007,0.001875,32768,0.6313900947570801,1392.3539966969984,19,23,16,21,21
18,100,8600,1376000,100,16000,0.4938311231136322,0.6552217602729797,0.7558125,0.0017512500000000006,0.00175,2048,0.42120927572250366,1421.2585537310224,22,27,17,18,16
18,200,8700,1392000,100,16000,0.46583681672811506,0.46919459104537964,0.77125,0.0016262500000000007,0.0016250000000000001,4096,0.4563257098197937,1435.1209193250397,19,22,17,16,26
18,300,8800,1408000,100,16000,0.4625395466387272,0.4737737774848938,0.7716875,0.0015012500000000006,0.0015,4096,0.5530142784118652,1447.3001165210735,17,22,21,24,16
18,400,8900,1424000,100,16000,0.4700785502791405,0.5176253318786621,0.7603125,0.0013762500000000007,0.001375,4096,0.8412472605705261,1458.5788779560244,13,32,20,21,14
18,500,9000,1440000,100,16000,0.45145237863063814,0.362676203250885,0.7716875,0.0012512500000000006,0.00125,16384,0.2227044254541397,1472.2920767910546,15,24,18,19,24
19,100,9100,1456000,100,16000,0.45771769285202024,0.3276509642601013,0.77,0.0011262500000000005,0.0011250000000000001,16384,0.424265056848526,1501.5195073990617,15,26,21,24,14
19,200,9200,1472000,100,16000,0.45465585112571716,0.28451886773109436,0.772625,0.0010012500000000006,0.001,16384,0.6621851921081543,1514.886129016988,18,21,20,18,23
19,300,9300,1488000,100,16000,0.46356120198965073,0.5648038387298584,0.770875,0.0008762500000000007,0.000875,4096,0.3525679111480713,1528.9050678350031,24,19,15,14,28
19,400,9400,1504000,100,16000,0.4700224563479424,0.24654778838157654,0.7673125,0.0007512500000000006,0.00075,32768,0.6024262309074402,1541.6222763230326,24,16,19,20,21
19,500,9500,1520000,100,16000,0.47713901281356813,0.6981560587882996,0.7655625,0.0006262500000000006,0.000625,2048,0.48765432834625244,1553.467656970024,21,25,21,13,20
20,100,9600,1536000,100,16000,0.4599165724217892,0.32727259397506714,0.773,0.0005012500000000006,0.0005,32768,1.0022770166397095,1583.105500364094,18,22,23,20,17
20,200,9700,1552000,100,16000,0.44824689626693726,0.665855348110199,0.778125,0.0006237500000000011,0.000625,2048,0.5537463426589966,1596.079444676987,23,15,23,17,22
20,300,9800,1568000,100,16000,0.44568838745355605,0.3284320831298828,0.780125,0.0007487500000000012,0.00075,32768,0.5764862298965454,1609.6985143159982,18,25,15,17,25
20,400,9900,1584000,100,16000,0.48180305019021036,0.5444480776786804,0.762375,0.0008737500000000012,0.000875,4096,0.32105591893196106,1619.822458381066,23,26,25,13,13
20,500,10000,1600000,100,16000,0.4367752841114998,0.33242520689964294,0.7805625,0.0009987500000000012,0.001,32768,0.6123158931732178,1633.6190221200231,17,15,23,23,22
21,100,10100,1616000,100,16000,0.47276938050985334,0.2959187626838684,0.766375,0.001123750000000001,0.0011250000000000001,32768,0.4113633930683136,1662.5020004130201,20,28,20,15,17
21,200,10200,1632000,100,16000,0.45311501652002334,0.31754255294799805,0.77375,0.0012487500000000012,0.00125,16384,0.8722298741340637,1676.4417507780017,19,14,17,29,21
21,300,10300,1648000,100,16000,0.434643657207489,0.3420259356498718,0.7823125,0.0013737500000000013,0.001375,16384,0.6591673493385315,1690.501602375065,12,18,21,28,21
21,400,10400,1664000,100,16000,0.4727136117219925,0.39760345220565796,0.764125,0.0014987500000000012,0.0015,8192,0.6072117686271667,1702.506140485988,24,20,16,23,17
21,500,10500,1680000,100,16000,0.4549452421069145,0.4778808653354645,0.7705625,0.0016237500000000013,0.0016250000000000001,4096,0.506902277469635,1716.1806487730937,21,16,18,22,23
22,100,10600,1696000,100,16000,0.45671362668275833,0.47383052110671997,0.7711875,0.0017487500000000012,0.00175,4096,0.6336261034011841,1747.2577203760156,17,21,14,28,20
22,200,10700,1712000,100,16000,0.4863057941198349,0.7464040517807007,0.7591875,0.0018737500000000013,0.001875,2048,0.6164581775665283,1759.8886432719883,20,20,17,25,18
22,300,10800,1728000,100,16000,0.45767217978835106,0.33564749360084534,0.768,0.0019987500000000014,0.002,32768,0.3733711540699005,1773.2943747960962,22,13,20,24,21
22,400,10900,1744000,100,16000,0.46625581473112104,0.44311484694480896,0.7685,0.0021237500000000015,0.002125,8192,0.6930387020111084,1785.7621538050007,18,21,21,22,18
22,500,11000,1760000,100,16000,0.4902282530069351,0.5102666616439819,0.7565625,0.002248750000000001,0.0022500000000000003,4096,0.37207847833633423,1799.841720351018,25,15,14,20,26
23,100,11100,1776000,100,16000,0.499171579182148,0.39195042848587036,0.760125,0.0023737500000000013,0.002375,16384,0.7935373783111572,1828.841957995086,26,21,19,18,16
23,200,11200,1792000,100,16000,0.4783534049987793,0.3111313283443451,0.7648125,0.0024987500000000014,0.0025,16384,0.7396102547645569,1841.5994891860755,18,22,21,18,21
23,300,11300,1808000,100,16000,0.4812174664437771,0.3550274968147278,0.7601875,0.002376249999999999,0.002375,16384,0.22030344605445862,1852.8396744570928,24,16,30,13,17
23,400,11400,1824000,100,16000,0.4584074947237968,0.4532241225242615,0.7701875,0.002251249999999999,0.0022500000000000003,8192,0.6579049229621887,1866.4294194960967,18,19,19,21,23
23,500,11500,1840000,100,16000,0.49336614400148393,0.32591357827186584,0.7560625,0.002126249999999999,0.002125,16384,0.46794503927230835,1876.1941752430284,23,26,20,22,9
24,100,11600,1856000,100,16000,0.4704692268371582,0.5111616849899292,0.7638125,0.0020012499999999987,0.002,4096,0.37377816438674927,1906.8291641130345,21,19,20,18,22
24,200,11700,1872000,100,16000,0.45406049624085426,0.5181140899658203,0.7738125,0.0018762499999999988,0.001875,4096,0.7214489579200745,1919.8862581780413,13,25,18,25,19
24,300,11800,1888000,100,16000,0.47227352142333984,0.5290321111679077,0.7641875,0.001751249999999999,0.00175,4096,0.681310772895813,1932.7481245240197,23,18,20,17,22
24,400,11900,1904000,100,16000,0.4582234361767769,0.6904944181442261,0.77175,0.0016262499999999988,0.0016250000000000001,2048,0.484222412109375,1945.110325413989,13,25,19,27,16
24,500,12000,1920000,100,16000,0.44050674259662626,0.37374964356422424,0.7836875,0.001501249999999999,0.0015,16384,0.660337507724762,1958.7375348770292,9,26,18,26,21
25,100,12100,1936000,100,16000,0.45877854257822037,0.36824798583984375,0.7695625,0.001376249999999999,0.001375,8192,0.4087548553943634,1988.6645274810726,19,19,18,29,15
25,200,12200,1952000,100,16000,0.47127936899662015,0.3239710330963135,0.770125,0.0012512499999999989,0.00125,32768,0.46365293860435486,2002.4262112930883,23,21,11,20,25
25,300,12300,1968000,100,16000,0.4470501883327961,0.2857985496520996,0.7801875,0.0011262499999999988,0.0011250000000000001,16384,0.6206940412521362,2016.2511669209925,19,14,23,21,23
25,400,12400,1984000,100,16000,0.47321239054203035,0.40484777092933655,0.7670625,0.0010012499999999989,0.001,8192,0.3387128412723541,2027.4752247510478,24,16,22,26,12
25,500,12500,2000000,100,16000,0.4533506460487843,0.6499792337417603,0.774,0.0008762499999999989,0.000875,4096,0.4438554048538208,2040.1910447439877,20,16,24,21,19
26,100,12600,2016000,100,16000,0.4761012983322144,0.316828191280365,0.7685625,0.0007512499999999989,0.00075,16384,0.26002317667007446,2069.900726714055,25,23,12,21,19
26,200,12700,2032000,100,16000,0.4748607099056244,0.36233603954315186,0.7676875,0.0006262499999999989,0.000625,16384,0.6944997310638428,2081.7825022750767,24,26,17,12,21
26,300,12800,2048000,100,16000,0.4683582353591919,0.32628411054611206,0.7671875,0.0005012499999999989,0.0005,16384,0.44626080989837646,2093.1368405080866,21,23,19,23,14
26,400,12900,2064000,100,16000,0.4369950668513775,0.5033506751060486,0.7805,0.0006237500000000011,0.000625,4096,0.5027319192886353,2106.7503406250617,12,33,11,20,24
26,500,13000,2080000,100,16000,0.43613372355699537,0.29629892110824585,0.7853125,0.0007487500000000012,0.00075,32768,0.3591424226760864,2119.82992649707,18,20,21,20,21
27,100,13100,2096000,100,16000,0.4705497062206268,0.38822442293167114,0.7688125,0.0008737500000000012,0.000875,8192,0.4598170220851898,2149.2645111670718,25,17,21,20,17
27,200,13200,2112000,100,16000,0.4510142366588116,0.7108944058418274,0.77575,0.0009987500000000012,0.001,2048,0.5762815475463867,2161.2227474229876,21,20,22,20,17
27,300,13300,2128000,100,16000,0.44461835727095605,0.3803900480270386,0.7776875,0.001123750000000001,0.0011250000000000001,16384,0.5514305233955383,2173.6783990730764,19,18,24,21,18
27,400,13400,2144000,100,16000,0.46803941011428835,0.5609156489372253,0.7683125,0.0012487500000000012,0.00125,4096,0.5081047415733337,2184.670480809058,20,28,18,20,14
27,500,13500,2160000,100,16000,0.46167292147874833,0.37772926688194275,0.76975,0.0013737500000000013,0.001375,16384,0.839211106300354,2198.20672118105,22,15,18,23,22
28,100,13600,2176000,100,16000,0.43427461564540865,0.38238638639450073,0.780875,0.0014987500000000012,0.0015,8192,0.7566582560539246,2230.2121428640094,13,23,16,23,25
28,200,13700,2192000,100,16000,0.4601713585853577,0.2926282286643982,0.771,0.0016237500000000013,0.0016250000000000001,32768,0.7771459817886353,2243.8695428780047,22,13,23,18,24
28,300,13800,2208000,100,16000,0.459394673705101,0.7342389822006226,0.769875,0.0017487500000000012,0.00175,2048,0.6187319755554199,2256.203388947062,16,25,20,21,18
28,400,13900,2224000,100,16000,0.458478647172451,0.3804672062397003,0.775125,0.0018737500000000013,0.001875,8192,0.29887986183166504,2268.685095295077,20,17,21,25,17
28,500,14000,2240000,100,16000,0.47428094446659086,0.6966869831085205,0.7659375,0.0019987500000000014,0.002,2048,0.5615124702453613,2279.530615517986,23,17,27,21,12
29,100,14100,2256000,100,16000,0.4397101327776909,0.3858887553215027,0.7788125,0.0021237500000000015,0.002125,32768,0.8874489665031433,2310.9919618020067,8,24,25,20,23
29,200,14200,2272000,100,16000,0.4798725631833076,0.44102317094802856,0.7588125,0.002248750000000001,0.0022500000000000003,8192,0.6132914423942566,2323.035701059038,21,21,23,16,19
29,300,14300,2288000,100,16000,0.49582802802324294,0.8002103567123413,0.7588125,0.0023737500000000013,0.002375,2048,0.41765400767326355,2334.483073207084,23,25,15,21,16
29,400,14400,2304000,100,16000,0.4683459785580635,0.6809164881706238,0.768125,0.0024987500000000014,0.0025,2048,0.5862394571304321,2348.13028736203,19,20,20,16,25
29,500,14500,2320000,100,16000,0.4578054451942444,0.6142531037330627,0.772,0.002376249999999999,0.002375,2048,0.7113816738128662,2361.6272955860477,20,19,20,17,24
30,100,14600,2336000,100,16000,0.4853880268335342,0.6540949940681458,0.758625,0.002251249999999999,0.0022500000000000003,2048,0.5409749150276184,2391.985930092982,27,14,15,25,19
30,200,14700,2352000,100,16000,0.45845877230167387,0.3817545473575592,0.7686875,0.002126249999999999,0.002125,16384,0.5719285607337952,2405.165291995043,17,23,19,19,22
30,300,14800,2368000,100,16000,0.4515180096030235,0.5894989967346191,0.7770625,0.0020012499999999987,0.002,2048,0.4317987561225891,2418.1346991870087,18,20,20,22,20
30,400,14900,2384000,100,16000,0.4381750404834747,0.31237196922302246,0.7805,0.0018762499999999988,0.001875,16384,0.4411645829677582,2433.09174231207,12,16,25,20,27
30,500,15000,2400000,100,16000,0.4706074893474579,0.37148982286453247,0.7675,0.001751249999999999,0.00175,32768,0.504207193851471,2445.665588631993,23,19,14,26,18
31,100,15100,2416000,100,16000,0.46057709977030753,0.4547230303287506,0.769125,0.0016262499999999988,0.0016250000000000001,8192,0.4190813899040222,2474.829011581023,16,26,22,22,14
31,200,15200,2432000,100,16000,0.4516671070456505,0.8397091031074524,0.7773125,0.001501249999999999,0.0015,2048,0.4395625591278076,2486.881399833015,18,24,20,21,17
31,300,15300,2448000,100,16000,0.47187104225158694,0.3085509240627289,0.7604375,0.001376249999999999,0.001375,16384,0.6242216229438782,2498.4447600990534,24,18,15,31,12
31,400,15400,2464000,100,16000,0.4568660986423492,0.7155207395553589,0.770375,0.0012512499999999989,0.00125,2048,0.48294591903686523,2510.07998239703,17,23,22,24,14
31,500,15500,2480000,100,16000,0.45839031010866166,0.38385090231895447,0.7688125,0.0011262499999999988,0.0011250000000000001,8192,0.3790402412414551,2521.1422721870476,16,29,22,19,14
32,100,15600,2496000,100,16000,0.4692693510651588,0.5034254789352417,0.7645625,0.0010012499999999989,0.001,4096,0.612409770488739,2550.7593615110964,24,21,17,20,18
32,200,15700,2512000,100,16000,0.45764541417360305,0.5390057563781738,0.7754375,0.0008762499999999989,0.000875,4096,0.4074505567550659,2563.4838424250484,23,18,18,21,20
32,300,15800,2528000,100,16000,0.45556760802865026,0.4016982913017273,0.776125,0.0007512499999999989,0.00075,16384,0.4323189854621887,2576.20927352109,27,13,21,18,21
32,400,15900,2544000,100,16000,0.44691007226705554,0.6600216627120972,0.7804375,0.0006262499999999989,0.000625,2048,0.5605013966560364,2589.6952003890183,24,14,17,23,22
32,500,16000,2560000,100,16000,0.4374339681863785,0.47990530729293823,0.779625,0.0005012499999999989,0.0005,4096,0.6283397674560547,2602.3427516840165,17,19,23,23,18
33,100,16100,2576000,100,16000,0.45664399772882464,0.4243691861629486,0.7725625,0.0006237500000000011,0.000625,8192,0.2917105257511139,2630.960587159032,19,25,24,17,15
33,200,16200,2592000,100,16000,0.42546053692698477,0.2906600832939148,0.788375,0.0007487500000000012,0.00075,32768,0.4146357774734497,2645.318135744077,12,26,14,23,25
33,300,16300,2608000,100,16000,0.4255612516403198,0.5463765859603882,0.7826875,0.0008737500000000012,0.000875,2048,0.5101578831672668,2659.426696834038,16,20,19,20,25
33,400,16400,2624000,100,16000,0.4373102457821369,0.9216108322143555,0.7796875,0.0009987500000000012,0.001,2048,0.8066026568412781,2672.737476937007,19,18,17,26,20
33,500,16500,2640000,100,16000,0.4654991362988949,0.5227564573287964,0.7666875,0.001123750000000001,0.0011250000000000001,4096,0.42521822452545166,2685.1614333810285,24,18,18,21,19
34,100,16600,2656000,100,16000,0.4450167092680931,0.6160756945610046,0.779,0.0012487500000000012,0.00125,2048,0.6355839967727661,2715.8732144919923,16,25,20,16,23
34,200,16700,2672000,100,16000,0.4520969432592392,0.6468787789344788,0.7711875,0.0013737500000000013,0.001375,2048,0.40206021070480347,2728.3407859910512,18,24,18,21,19
34,300,16800,2688000,100,16000,0.4559702232480049,0.5350111722946167,0.7761875,0.0014987500000000012,0.0015,4096,0.49567925930023193,2740.0210573960794,18,24,18,26,14
34,400,16900,2704000,100,16000,0.4393383085727692,0.5308739542961121,0.7785,0.0016237500000000013,0.0016250000000000001,4096,0.7659183144569397,2753.4452937620226,14,21,24,18,23
34,500,17000,2720000,100,16000,0.4530790707468986,0.4726621210575104,0.7755625,0.0017487500000000012,0.00175,4096,0.5410126447677612,2765.693990319036,16,20,25,22,17
35,100,17100,2736000,100,16000,0.444550062417984,0.4851570129394531,0.775,0.0018737500000000013,0.001875,4096,0.31342896819114685,2795.673019550042,15,26,23,16,20
35,200,17200,2752000,100,16000,0.44247075885534287,0.43464356660842896,0.77725,0.0019987500000000014,0.002,16384,0.6630110144615173,2810.486962993047,14,19,20,19,28
35,300,17300,2768000,100,16000,0.4764371421933174,0.41231900453567505,0.76275,0.0021237500000000015,0.002125,8192,0.4848121106624603,2821.880579069024,23,24,22,13,18
35,400,17400,2784000,100,16000,0.46333190724253653,0.3027708828449249,0.7760625,0.002248750000000001,0.0022500000000000003,32768,0.4932308793067932,2835.977102742996,25,12,21,14,28
35,500,17500,2800000,100,16000,0.4706126934289932,0.3539492189884186,0.7670625,0.0023737500000000013,0.002375,32768,0.3322749733924866,2850.3252971450565,22,16,16,18,28
36,100,17600,2816000,100,16000,0.4678644201159477,0.4454013705253601,0.766375,0.0024987500000000014,0.0025,8192,0.40597400069236755,2881.7001877150033,19,22,14,21,24
36,200,17700,2832000,100,16000,0.46094257712364195,0.621679961681366,0.7733125,0.002376249999999999,0.002375,4096,0.6803117990493774,2895.0895522610517,18,19,23,17,23
36,300,17800,2848000,100,16000,0.4799424088001251,0.6977983117103577,0.764625,0.002251249999999999,0.0022500000000000003,2048,0.5369303822517395,2908.26881928707,23,20,18,15,24
36,400,17900,2864000,100,16000,0.46352164953947067,0.35980987548828125,0.7715,0.002126249999999999,0.002125,8192,0.2864781618118286,2920.6397527700756,18,21,22,21,18
36,500,18000,2880000,100,16000,0.4614023607969284,0.36833006143569946,0.77375,0.0020012499999999987,0.002,16384,0.19534897804260254,2934.344504227047,27,8,18,25,22
37,100,18100,2896000,100,16000,0.45782894641160965,0.29432421922683716,0.7740625,0.0018762499999999988,0.001875,16384,0.2576342821121216,2965.4447387990076,21,16,18,24,21
37,200,18200,2912000,100,16000,0.44852335393428805,0.798777163028717,0.7746875,0.001751249999999999,0.00175,2048,0.6681159734725952,2979.6523586630356,17,19,18,21,25
37,300,18300,2928000,100,16000,0.4490812759101391,0.6915415525436401,0.7756875,0.0016262499999999988,0.0016250000000000001,2048,0.46899521350860596,2993.1749980250606,20,21,17,18,24
37,400,18400,2944000,100,16000,0.4767016205191612,0.7401294112205505,0.7655625,0.001501249999999999,0.0015,2048,0.7030249834060669,3005.9642029380193,32,9,21,15,23
37,500,18500,2960000,100,16000,0.45755563497543333,0.35535329580307007,0.76975,0.001376249999999999,0.001375,16384,0.2754742503166199,3018.8036051189993,23,18,16,23,20
38,100,18600,2976000,100,16000,0.4386346811056137,0.3466918468475342,0.7818125,0.0012512499999999989,0.00125,32768,0.8356873393058777,3050.5037639640504,19,15,21,21,24
38,200,18700,2992000,100,16000,0.45328895419836046,0.34586867690086365,0.7723125,0.0011262499999999988,0.0011250000000000001,16384,0.29414230585098267,3062.099006026052,16,26,20,24,14
38,300,18800,3008000,100,16000,0.45560171991586684,0.407056987285614,0.7725,0.0010012499999999989,0.001,8192,0.49082133173942566,3075.337505958043,23,14,23,17,23
38,400,18900,3024000,100,16000,0.43281681269407274,0.24875041842460632,0.782375,0.0008762499999999989,0.000875,32768,0.4967798590660095,3089.0837135650218,14,18,26,19,23
38,500,19000,3040000,100,16000,0.4469968369603157,0.5298054814338684,0.7779375,0.0007512499999999989,0.00075,4096,0.4589397609233856,3100.9115941950586,22,18,25,18,17
39,100,19100,3056000,100,16000,0.4462535619735718,0.7129807472229004,0.7724375,0.0006262499999999989,0.000625,2048,0.5821275115013123,3130.1312050510896,22,21,19,23,15
39,200,19200,3072000,100,16000,0.4470666936039925,0.32120415568351746,0.7801875,0.0005012499999999989,0.0005,16384,0.5997223854064941,3143.204707743018,23,20,19,14,24
39,300,19300,3088000,100,16000,0.4269806832075119,0.330364465713501,0.7871875,0.0006237500000000011,0.000625,16384,0.32491153478622437,3157.7415045630187,17,12,22,25,24
39,400,19400,3104000,100,16000,0.4382703171670437,0.411569207906723,0.7808125,0.0007487500000000012,0.00075,8192,0.36367496848106384,3170.340608663042,14,30,19,16,21
39,500,19500,3120000,100,16000,0.44935116440057754,0.6374422311782837,0.771625,0.0008737500000000012,0.000875,2048,0.5821015238761902,3182.963828318985,22,18,21,19,20
40,100,19600,3136000,100,16000,0.4743781031668186,0.4220873713493347,0.7678125,0.0009987500000000012,0.001,4096,0.49035918712615967,3212.0245230870787,23,26,14,21,16
40,200,19700,3152000,100,16000,0.43947328329086305,0.33000946044921875,0.7816875,0.001123750000000001,0.0011250000000000001,8192,0.5534251928329468,3224.890212720027,20,18,21,21,20
40,300,19800,3168000,100,16000,0.4421539628505707,0.362815797328949,0.7806875,0.0012487500000000012,0.00125,8192,0.7195686101913452,3236.8452827730216,17,26,20,20,17
40,400,19900,3184000,100,16000,0.43259024143218994,0.5257276892662048,0.7838125,0.0013737500000000013,0.001375,4096,0.5285936594009399,3250.627728527994,15,20,17,27,21
40,500,20000,3200000,100,16000,0.471886400282383,0.6236732006072998,0.7696875,0.0014987500000000012,0.0015,2048,0.4318123757839203,3261.1443880280713,25,23,17,24,11
41,100,20100,3216000,100,16000,0.4368342912197113,0.3726634383201599,0.7771875,0.0016237500000000013,0.0016250000000000001,16384,0.891467809677124,3293.2239336890634,19,14,19,23,25
41,200,20200,3232000,100,16000,0.44754733473062513,0.3800232410430908,0.7790625,0.0017487500000000012,0.00175,16384,0.5779088139533997,3307.280473110033,18,18,20,19,25
41,300,20300,3248000,100,16000,0.45308871775865556,0.3240104913711548,0.7734375,0.0018737500000000013,0.001875,16384,0.5965067744255066,3319.662928481004,19,20,21,22,18
41,400,20400,3264000,100,16000,0.462297126352787,0.646837592124939,0.7678125,0.0019987500000000014,0.002,2048,0.6293695569038391,3330.454563682084,22,19,24,23,12
41,500,20500,3280000,100,16000,0.4494843892753124,0.40426531434059143,0.7763125,0.0021237500000000015,0.002125,16384,0.32712116837501526,3343.653481455054,15,25,17,21,22
42,100,20600,3296000,100,16000,0.4334298551082611,0.6876658797264099,0.7790625,0.002248750000000001,0.0022500000000000003,2048,0.7603083848953247,3374.5407791880425,13,19,21,29,18
42,200,20700,3312000,100,16000,0.46877950012683867,0.6862735748291016,0.768375,0.0023737500000000013,0.002375,2048,0.5533422827720642,3387.9482289539883,21,19,19,17,24
42,300,20800,3328000,100,16000,0.4808520233631134,0.36569470167160034,0.762,0.0024987500000000014,0.0025,8192,0.3889563977718353,3399.7848818820203,20,29,16,16,19
42,400,20900,3344000,100,16000,0.44766092583537104,0.6878401637077332,0.7813125,0.002376249999999999,0.002375,2048,0.67571622133255,3414.6247614120366,18,19,18,15,30
42,500,21000,3360000,100,16000,0.47454815775156023,0.6928044557571411,0.763,0.002251249999999999,0.0022500000000000003,2048,0.6734627485275269,3427.619457256049,26,17,18,15,24
43,100,21100,3376000,100,16000,0.46825422793626786,0.4613369107246399,0.7689375,0.002126249999999999,0.002125,8192,0.7351484894752502,3456.6955195160117,19,19,24,25,13
43,200,21200,3392000,100,16000,0.44697448968887327,0.420926570892334,0.776375,0.0020012499999999987,0.002,8192,0.4292953908443451,3470.7066821800545,22,11,24,18,25
43,300,21300,3408000,100,16000,0.455393006503582,0.4243593215942383,0.77575,0.0018762499999999988,0.001875,8192,0.4493578374385834,3485.6250332630007,17,20,14,21,28
43,400,21400,3424000,100,16000,0.461032010614872,0.3776552379131317,0.773375,0.001751249999999999,0.00175,16384,0.5150516033172607,3497.9405528310454,22,23,20,14,21
43,500,21500,3440000,100,16000,0.46985606029629706,0.7255808711051941,0.769125,0.0016262499999999988,0.0016250000000000001,2048,0.6833299994468689,3509.623999325093,21,19,25,19,16
44,100,21600,3456000,100,16000,0.47140619680285456,0.4057067036628723,0.765375,0.001501249999999999,0.0015,8192,0.30957794189453125,3537.9742837339872,24,23,17,24,12
44,200,21700,3472000,100,16000,0.4544744016230106,0.547386884689331,0.7733125,0.001376249999999999,0.001375,4096,0.5559468865394592,3551.3129215040244,19,22,15,22,22
44,300,21800,3488000,100,16000,0.5034746590256691,0.7393745183944702,0.75725,0.0012512499999999989,0.00125,2048,0.44484731554985046,3562.3405558420345,29,27,12,14,18
44,400,21900,3504000,100,16000,0.4246878364682198,0.4879116117954254,0.78925,0.0011262499999999988,0.0011250000000000001,4096,0.48998692631721497,3576.4254047030117,16,15,23,23,23
44,500,22000,3520000,100,16000,0.43850989773869514,0.38069552183151245,0.78025,0.0010012499999999989,0.001,8192,0.4572874903678894,3589.911363414023,22,16,17,23,22
45,100,22100,3536000,100,16000,0.436370322406292,0.519727885723114,0.780125,0.0008762499999999989,0.000875,4096,0.7902308702468872,3619.6767907940084,17,21,20,27,15
45,200,22200,3552000,100,16000,0.4383447590470314,0.6621108055114746,0.78425,0.0007512499999999989,0.00075,2048,0.3342158794403076,3633.3867053010035,21,16,16,25,22
45,300,22300,3568000,100,16000,0.42253637313842773,0.32317766547203064,0.7899375,0.0006262499999999989,0.000625,32768,0.6172623634338379,3647.8287830470363,14,22,15,24,25
45,400,22400,3584000,100,16000,0.44239302098751065,0.44594573974609375,0.776875,0.0005012499999999989,0.0005,8192,0.34915047883987427,3660.039884049096,19,22,23,16,20
45,500,22500,3600000,100,16000,0.433923764526844,0.6534900069236755,0.7805,0.0006237500000000011,0.000625,2048,0.419036328792572,3671.551372100017,15,25,26,18,16
46,100,22600,3616000,100,16000,0.44472366631031035,0.32040438055992126,0.77875,0.0007487500000000012,0.00075,16384,0.3848567008972168,3703.003883023048,19,22,15,20,24
46,200,22700,3632000,100,16000,0.45409993678331373,0.2166932076215744,0.7758125,0.0008737500000000012,0.000875,16384,0.6502479314804077,3714.9456573870266,27,10,25,22,16
46,300,22800,3648000,100,16000,0.44346114099025724,0.7066219449043274,0.78,0.0009987500000000012,0.001,2048,0.49837565422058105,3728.3407751109917,20,19,17,22,22
46,400,22900,3664000,100,16000,0.4356810308992863,0.7414701581001282,0.7794375,0.001123750000000001,0.0011250000000000001,2048,0.761822521686554,3742.1775800560135,17,18,26,12,27
46,500,23000,3680000,100,16000,0.45185423374176026,0.6409440636634827,0.7749375,0.0012487500000000012,0.00125,2048,0.3313000202178955,3753.7379017990315,21,22,18,24,15
47,100,23100,3696000,100,16000,0.4413996654748917,0.4756651818752289,0.7776875,0.0013737500000000013,0.001375,4096,0.5507450103759766,3783.5555771380896,16,17,27,25,15
47,200,23200,3712000,100,16000,0.4477663730084896,0.2794976234436035,0.7784375,0.0014987500000000012,0.0015,32768,0.4845374524593353,3797.1804207250243,22,14,20,21,23
47,300,23300,3728000,100,16000,0.4417884477972984,0.4593108296394348,0.7791875,0.0016237500000000013,0.0016250000000000001,4096,0.6051067113876343,3810.371468484984,17,25,18,17,23
47,400,23400,3744000,100,16000,0.43357117757201197,0.6790096163749695,0.7833125,0.0017487500000000012,0.00175,2048,0.39769744873046875,3824.574376965058,17,19,16,24,24
47,500,23500,3760000,100,16000,0.44315810248255727,0.35436591506004333,0.777625,0.0018737500000000013,0.001875,8192,0.5374473929405212,3837.3799347740132,17,20,26,16,21
48,100,23600,3776000,100,16000,0.4557478292286396,0.30312013626098633,0.771875,0.0019987500000000014,0.002,32768,0.265658974647522,3868.1067661530105,22,16,21,19,22
48,200,23700,3792000,100,16000,0.47050284311175344,0.6333781480789185,0.76475,0.0021237500000000015,0.002125,2048,0.3440309464931488,3879.122045631055,25,23,16,22,14
48,300,23800,3808000,100,16000,0.4602607002854347,0.46923303604125977,0.7714375,0.002248750000000001,0.0022500000000000003,4096,0.5141416192054749,3891.40687145805,21,17,22,23,17
48,400,23900,3824000,100,16000,0.4384729087352753,0.3902311325073242,0.783375,0.0023737500000000013,0.002375,8192,0.36699551343917847,3905.948606317048,17,14,24,18,27
48,500,24000,3840000,100,16000,0.4648699218034744,0.5153676271438599,0.76775,0.0024987500000000014,0.0025,4096,0.689926266670227,3917.7974577459972,24,19,17,24,16
49,100,24100,3856000,100,16000,0.46775280594825747,0.29526346921920776,0.76975,0.002376249999999999,0.002375,32768,0.3988308906555176,3947.53634444403,16,29,17,20,18
49,200,24200,3872000,100,16000,0.46326896220445635,0.5295941233634949,0.774375,0.002251249999999999,0.0022500000000000003,4096,0.679314374923706,3959.669288414065,19,20,23,21,17
49,300,24300,3888000,100,16000,0.4239608749747276,0.5954662561416626,0.7850625,0.002126249999999999,0.002125,4096,0.6795200705528259,3972.931750221993,9,25,24,22,20
49,400,24400,3904000,100,16000,0.47493031531572344,0.3938940167427063,0.762125,0.0020012499999999987,0.002,8192,0.5219950079917908,3984.2091577909887,24,21,20,20,15
49,500,24500,3920000,100,16000,0.4653529006242752,0.31122857332229614,0.7694375,0.0018762499999999988,0.001875,16384,0.5301845669746399,3996.020234967,25,21,20,15,19
50,100,24600,3936000,100,16000,0.44105018451809885,0.4392908215522766,0.781625,0.001751249999999999,0.00175,8192,0.46067360043525696,4028.564389261068,17,16,23,14,30
50,200,24700,3952000,100,16000,0.44383555188775065,0.2726513743400574,0.7756875,0.0016262499999999988,0.0016250000000000001,32768,0.3205646872520447,4041.6186194530455,16,21,19,25,19
50,300,24800,3968000,100,16000,0.43682962968945505,0.35946226119995117,0.7830625,0.001501249999999999,0.0015,8192,0.5581096410751343,4055.4308967440156,18,15,23,21,23
50,400,24900,3984000,100,16000,0.4537216517329216,0.78473961353302,0.7720625,0.001376249999999999,0.001375,2048,0.5300549268722534,4067.20372447907,17,22,26,19,16
50,500,25000,4000000,100,16000,0.4593724748492241,0.435185968875885,0.7705,0.0012512499999999989,0.00125,8192,0.6630062460899353,4078.0181810089853,21,26,21,18,14
